00199eb3fd1a0aa6771b7f12fad895a0	49	FILE:os:windows|14,BEH:server|7,BEH:inject|7,CLASS:backdoor|7,FAM:darkkomet|4,FAM:zapchast|2
001fc372acc853aa1cf92588a43a7deb	62	FILE:os:windows|23,CLASS:worm|11,BEH:selfpropagate|11,BEH:autorun|7,BEH:files|5,CLASS:virus|3,BEH:filemodify|3,FAM:vobfus|2,FILE:proglang:delphi|2,UNK:cosne|2
00e1c4a654756dd6c9c81437c01ee3dd	50	FILE:os:windows|13,FAM:winspy|9,BEH:server|4,CLASS:backdoor|4,CLASS:spyware|2,UNK:rewdulon|2,FAM:johnnie|2,CLASS:grayware|2
01055838361f534ab596b56a19c70fef	27	FILE:os:windows|11,BEH:execdownload|6,CLASS:downloader|6
0115ba22a0d009a13d0748027dd62e2a	55	FILE:os:windows|13,FAM:spyeye|7,FILE:packed|5,CLASS:spyware|3,UNK:ulpm|2,UNK:lazy|2,CLASS:grayware|2
011961a42700e7385a106d362eb661c7	47	BEH:server|20,CLASS:backdoor|20,FILE:os:windows|16,CLASS:grayware|2
0187e62ca40cb3d556a2c5825620bd8f	59	FILE:os:windows|12,FAM:winspy|9,CLASS:spyware|4,BEH:execdownload|3,CLASS:downloader|3,CLASS:grayware|2
025d07f4610605031e501e6745d663aa	63	FAM:spyeye|18,FILE:os:windows|17,CLASS:spyware|5,FILE:packed|3,FAM:eyestye|2
033ccd3a926441c49d3898dab97aefed	59	FILE:os:windows|16,UNK:raznew|6,BEH:proxy|6,BEH:dials|6,CLASS:dialer|6,CLASS:grayware|3,BEH:execdownload|3,CLASS:downloader|3,FILE:small|2
0418e7f95a8b94c035e10749234f8378	61	FILE:os:windows|20,FAM:tibs|16,CLASS:worm|9,BEH:selfpropagate|9,FILE:packed|7,BEH:spam|3,BEH:execdownload|3,CLASS:downloader|3
04a5a52f12d2a130bb88f98c3bc14aa8	54	FILE:os:windows|17,BEH:keylogging|9,CLASS:keylogger|9,BEH:execdownload|5,CLASS:downloader|5,CLASS:spyware|4,CLASS:worm|2,BEH:selfpropagate|2,UNK:offend|2,FAM:mogap|2
05177f77f075293ff7d58a7f2915c64f	64	FILE:os:windows|24,FAM:prosti|10,BEH:server|8,CLASS:backdoor|8,FILE:proglang:delphi|4,FAM:onlinegames|3,BEH:infosteal:gamethief|3,CLASS:grayware|2
052d18e119f9a2910ed18a137231a041	60	FILE:os:windows|23,UNK:zhangpo|18,CLASS:worm|13,BEH:selfpropagate|13,BEH:server|10,CLASS:backdoor|10,CLASS:grayware|2
058ef1acc6456a924737d940f3cf81aa	50	FILE:os:windows|13,UNK:delphigen|11,BEH:server|2,FILE:proglang:delphi|2,CLASS:backdoor|2
05a082d441d9cf365749c0e1eb904c85	53	UNK:remserv|17,FILE:os:windows|16,BEH:server|10,CLASS:backdoor|10,FAM:babar|2
0629e3b2ab8a973a3e37e4e97cb9cfea	64	FILE:os:windows|21,BEH:server|7,CLASS:backdoor|7,UNK:floder|5,FAM:zbot|4,FAM:lethic|4,FILE:packed|3,BEH:inject|2,CLASS:grayware|2
065d89c63fa1057de98c727d4b044b98	57	FILE:proglang:delphi|16,FILE:os:windows|14,BEH:server|11,CLASS:backdoor|11
06cbbff745c60c46e0996928c00ef28f	51	FILE:os:windows|16,BEH:execdownload|9,CLASS:downloader|9,UNK:dycler|6,BEH:infosteal|4,BEH:keylogging|3,CLASS:keylogger|3,UNK:offend|2,CLASS:grayware|2
07122dd3b069bbbb445e060c1249d5a2	54	FILE:os:windows|18,BEH:execdownload|14,CLASS:downloader|14,FILE:small|12,UNK:tofger|3,CLASS:grayware|2
07cd532823d6ab05d6e5e3a56f7afbfd	49	FILE:os:windows|14,UNK:smwg|10,UNK:constructor|8,CLASS:grayware|7,CLASS:grayware:tool|4,FILE:proglang:visualbasic|3,FILE:proglang:visualbasic:vbscript|3,UNK:simwag|2
0857f2c8541dba287d648eec17163d3f	55	FILE:os:windows|17,FAM:hupigon|16,BEH:server|11,CLASS:backdoor|11,UNK:smkfrpnhohfbk|2,CLASS:grayware|2,BEH:execdownload|2,CLASS:downloader|2
095651e1704b501123b41ea2e9736820	32	FILE:os:windows|8,CLASS:grayware|2
099a169f81089dc493ea300ef0309f70	56	FAM:bayrob|18,FILE:os:windows|15,CLASS:spyware|2
09dd14d3988e08a56798b1480c55a5b0	41	BEH:server|15,CLASS:backdoor|15,FILE:os:windows|12,CLASS:grayware|2
0adb0e2ac8aa969fb088ee95c4a91536	56	FILE:os:windows|9,FILE:msil|8,BEH:infosteal|6,FILE:packed|3,CLASS:grayware|2,FAM:agenttesla|2
0b2a0f61a209e24a7d7b2c2d5efb4d68	53	FILE:os:windows|14,FAM:ardamax|13,CLASS:grayware|4,CLASS:spyware|3,BEH:infosteal|2,BEH:execdownload|2,CLASS:downloader|2
0b3c2053a7c09aa25ba81f2bdebbb873	60	FILE:os:windows|16,CLASS:worm|6,BEH:selfpropagate|6,FAM:ngrbot|6,FAM:gamarue|4,BEH:inject|3,BEH:server|2,FILE:packed|2,BEH:execdownload|2,CLASS:downloader|2,CLASS:backdoor|2,UNK:androp|2
0b8cf90ab9820cb3fcb7f1d1b45e4e57	51	UNK:psychward|19,BEH:server|17,CLASS:backdoor|17,FILE:os:windows|14,UNK:sidld|2,CLASS:grayware|2,BEH:execdownload|2,CLASS:downloader|2,UNK:5a9793b|2
0ba104d752eb63194c356c309196c710	56	UNK:mhtserv|18,FILE:os:windows|17,BEH:server|15,CLASS:backdoor|15,FILE:small|4,CLASS:grayware|3,BEH:execdownload|2,CLASS:downloader|2
0c4502d6655264a9aa420274a0ddeaeb	66	CLASS:ransomware|27,BEH:filecrypt|27,FILE:os:windows|21,FAM:conti|15,FILE:packed|3,UNK:diavolo|2
0d1f873f6816debd244e1e77509f6ba7	57	UNK:bnlite|18,FILE:os:windows|17,BEH:server|13,CLASS:backdoor|13,UNK:bionet|2
0e0fc966862971c29edd4dcaa0ba8e86	53	BEH:server|21,CLASS:backdoor|21,UNK:netbull|20,FILE:os:windows|13,CLASS:grayware|3
0e4fbfeb6f7a98e437a497013b285ffc	65	FILE:os:windows|23,FAM:ldpinch|16,UNK:pdpinch|5,CLASS:worm|3,BEH:selfpropagate|3,FILE:packed|3,BEH:infosteal|3,UNK:ldpnch|2,CLASS:grayware|2
0e6e40aad3e8d46e3c0c26ccc6ab94b3	34	BEH:server|16,CLASS:backdoor|16,FILE:os:windows|13,UNK:psyrat|2
0e997ab441cd8c35010dd8db98aae2c2	48	FILE:os:windows|13,FILE:proglang:delphi|9,BEH:server|6,CLASS:backdoor|6,FAM:wacatac|2,UNK:adag|2
0eb4a9089d3f7cf431d6547db3b9484d	56	FILE:os:windows|18,CLASS:grayware|5,FAM:crthrazy|5,CLASS:grayware:adware|3,BEH:execdownload|2,CLASS:downloader|2
0faecbdfccf3144d487971ed47f3665c	62	UNK:winshell|19,FILE:os:windows|18,BEH:server|16,CLASS:backdoor|16,FILE:packed|2,BEH:execdownload|2,CLASS:downloader|2
0fca0250fa3fe8ee7e1cf0cc45a6b2d8	44	FAM:subseven|22,BEH:server|18,CLASS:backdoor|18,FILE:os:windows|16
10550ca42c32c22bdd0515020cff38dd	40	FILE:os:windows|17,UNK:otorunp|2,BEH:execdownload|2,CLASS:downloader|2
1149c42fd8cf3ca7d00ef55a6337befe	57	FAM:ketch|22,BEH:server|17,CLASS:backdoor|17,FILE:os:windows|15
1164ef21ef2af97e0339359c0dce5e7d	53	BEH:server|18,FAM:darksky|18,CLASS:backdoor|18,FILE:os:windows|14,CLASS:grayware|3
119cd00c48678d63ec07762a7ff08ac7	58	FILE:os:windows|15,BEH:server|12,CLASS:backdoor|12,UNK:verify|11,CLASS:grayware|3
121bf601275e2aed0c3a6fe7910f9826	52	FILE:os:windows|14,FAM:hupigon|9,BEH:server|6,CLASS:backdoor|6,UNK:slefdel|3,UNK:zard|2,FILE:packed|2,FAM:mint|2,FILE:proglang:delphi|2
125364b0cdae80c10f00b75c8e2cfa47	53	BEH:server|15,UNK:nerte|15,CLASS:backdoor|15,FILE:os:windows|13,CLASS:grayware|2
13ce53de9ca4c4e6c58f990b442cb419	42	BEH:server|13,CLASS:backdoor|13,FILE:os:windows|11,UNK:quux|10,CLASS:grayware|2
13e878ed7e547523cffc5728f6ba4190	58	CLASS:grayware|17,FILE:msil|14,CLASS:ransomware|11,BEH:filecrypt|11,FILE:os:windows|8,CLASS:grayware:tool|8,FILE:packed|8,UNK:ryukcrypt|3,UNK:imps|2,BEH:execdownload|2,CLASS:downloader|2,FAM:chaos|2
146ce177ab03b8f62a9fc6e7bbf40dc1	62	FILE:os:windows|24,BEH:execdownload|14,CLASS:downloader|14,BEH:server|3,FILE:proglang:delphi|3,CLASS:backdoor|3,UNK:amighelo|3,BEH:inject|2,FAM:hupigon|2,FAM:fugrafa|2
146ec3f6c262d0f287e67ddb3cc69892	59	CLASS:ransomware|21,BEH:filecrypt|21,FILE:os:windows|16,FAM:conti|13,FILE:packed|2,FAM:delshad|2
15bda00b57e2ed729a45f7cfa62165da	61	FILE:os:windows|18,FAM:bayrob|16,CLASS:spyware|5,CLASS:grayware|4,CLASS:grayware:adware|3,FILE:packed|2
15ca804e4634d9586f85b1d15ebe91a0	60	BEH:server|20,CLASS:backdoor|20,FILE:os:windows|19,UNK:netcontrol|11,UNK:cmkfa8glikdk|3,UNK:netcont|2
16d598c01f7b391986c8c19eded005b1	62	FILE:os:windows|21,BEH:execdownload|10,CLASS:downloader|10,FAM:hupigon|8,BEH:server|7,CLASS:backdoor|7,UNK:binder|6,CLASS:grayware|2,FILE:proglang:delphi|2
16fab35b51f9e6447f2a8c04db4ebe93	57	FILE:os:windows|20,UNK:frauder|12,BEH:server|9,CLASS:backdoor|9,CLASS:rogueware|6,FILE:packed|6,BEH:alertuser|6,BEH:execdownload|5,CLASS:downloader|5,CLASS:grayware|2
170d3ccf9f036c552aef6690bf419b2e	55	FILE:os:windows|15,FILE:packed|9,BEH:server|8,CLASS:backdoor|8,UNK:nucleroot|7,UNK:anomaly|3,FILE:packed:maskpe|2,CLASS:grayware|2
1717731c32830a31e84b74641a4fdec7	57	FILE:os:windows|15,UNK:spynet|10,CLASS:grayware|9,CLASS:grayware:tool|7,UNK:constructor|4,FILE:proglang:delphi|3,BEH:server|2,BEH:inject|2,BEH:infosteal|2,FAM:iespy|2,CLASS:backdoor|2
17da6737cb94c11fa2363772d8eac0b1	26	BEH:execdownload|14,CLASS:downloader|14,FILE:os:windows|9,CLASS:rogueware|9,BEH:alertuser|9,FILE:small|3
17e3836682ffb0913459ece7c3f0786d	62	FILE:os:windows|22,FAM:hupigon|19,BEH:server|16,CLASS:backdoor|16,FILE:packed|3
19a14d0414aec62ef38378de2e8b259d	55	FILE:os:windows|14,UNK:emegrab|11,BEH:server|9,CLASS:backdoor|9,UNK:wigon|2,BEH:spam|2,FAM:bulz|2
1a4d58e281103fea2a4ccbfab93f74d2	58	FILE:os:windows|16,BEH:server|9,FAM:denis|9,CLASS:backdoor|9,UNK:doina|2,UNK:dejandet|2
1a98a0a769e7351ba16e1b91e9f26692	55	FILE:os:windows|19,BEH:server|12,CLASS:backdoor|12,FAM:bifrose|9,BEH:execdownload|4,CLASS:downloader|4,UNK:huceqoo|3
1ae08493913b2a0c8cbcb0541da5a8bc	63	FILE:os:windows|23,BEH:server|20,CLASS:backdoor|20,FAM:hupigon|9,FILE:proglang:delphi|6,FAM:darkkomet|5,UNK:mrzd|3,UNK:curioso|3,UNK:freeze|2,BEH:execdownload|2,CLASS:downloader|2
1b557d4f923b0de75e397686053a9022	58	FILE:os:windows|18,BEH:server|17,CLASS:backdoor|17,UNK:augudor|13,UNK:starter|5,CLASS:grayware|2,BEH:execdownload|2,CLASS:downloader|2
1c255ef6fd44877700867f94a59875d2	46	UNK:lama|16,CLASS:worm|15,FILE:os:windows|15,BEH:selfpropagate|15,BEH:spam|3,CLASS:grayware|3
1d12f9b921b38d7b521f12442bdd52d8	55	FILE:os:windows|15,BEH:server|9,CLASS:backdoor|9,FILE:proglang:delphi|5,UNK:simpel|4
1d40e72fb8cf300298df4b828b48ec29	58	FILE:os:windows|16,FAM:spyeye|6,FAM:zbot|5,FILE:packed|5,FAM:vobfus|2,CLASS:spyware|2,UNK:fraudrop|2
1d622f8c72b010b8d7213c032db122e4	63	FILE:os:windows|22,BEH:server|8,CLASS:backdoor|8,FAM:zegost|5,FAM:farfli|3,UNK:beaugrit|3,BEH:execdownload|2,CLASS:downloader|2
1d6d6d3c077250b7b3ad053e71054ecc	56	FILE:os:windows|17,BEH:execdownload|11,CLASS:downloader|11,UNK:dycler|8,BEH:infosteal|6,BEH:keylogging|4,CLASS:keylogger|4,CLASS:grayware|2
1dd6eb39a388f4c8a3eaf248d86aaabc	53	FILE:os:windows|13,FILE:proglang:delphi|13,BEH:proxy|12
1e3665a67201209609ae493a2a590bee	60	BEH:server|18,CLASS:backdoor|18,UNK:zombam|16,FILE:os:windows|15,FILE:packed|2
1e42493dcef54a62bc28e0a1338c1142	55	FILE:os:windows|17,UNK:mnets|17,BEH:server|16,CLASS:backdoor|16,CLASS:grayware|3
1ef711b34cc278449f1997e4ed06334a	60	FAM:antilam|22,FILE:os:windows|18,BEH:server|14,CLASS:backdoor|14,FILE:proglang:delphi|2,UNK:antilame|2
1f84a5305b65d7f6aa3afa7e2f2bda0e	58	FILE:os:windows|17,BEH:execdownload|9,CLASS:downloader|9,BEH:server|5,CLASS:backdoor|5,FAM:farfli|3,FILE:proglang:delphi|2
1fd45364073a81ddd707d74ba5d4c121	65	FILE:os:windows|20,UNK:winshell|15,BEH:server|14,CLASS:backdoor|14,BEH:execdownload|4,CLASS:downloader|4,UNK:nspm|3,FILE:packed|2,UNK:8a6a7dcf|2
1fd70e41918c3a75c634b1c234ec36fb	34	BEH:server|17,CLASS:backdoor|17,FILE:os:windows|12,UNK:infecdoor|10,CLASS:infector|5
204613443e555f73237ea43a2faecaa5	48	UNK:wollf|19,BEH:server|14,CLASS:backdoor|14,FILE:os:windows|13,UNK:bcqdaikllki|2
2047ac6183da4dfb61d2562721ba0720	34	FILE:os:windows|10,BEH:server|9,CLASS:backdoor|9,UNK:aphexdoor|8,UNK:litesock|6,FILE:packed|4
20863ba09c31037b1b3220fc6da100e1	36	FILE:os:windows|11,UNK:neakse|6,BEH:execdownload|6,CLASS:downloader|6,FILE:packed|5,UNK:forcud|5,BEH:server|4,CLASS:backdoor|4,FAM:tdss|2,CLASS:grayware|2
209a288c68207d57e0ce6e60ebf60729	67	FILE:os:windows|20,CLASS:ransomware|15,BEH:filecrypt|15,FAM:teslacrypt|9,UNK:bitman|7,BEH:execdownload|3,CLASS:downloader|3,FAM:cryptolocker|3,UNK:imps|2
20cfe4912b280ad141d51f1f7370bfa5	53	BEH:server|18,CLASS:backdoor|18,FILE:os:windows|15,UNK:ramus|14,UNK:gaura|6,CLASS:grayware|2
20daf01e941f966b21a7ae431faefc65	58	UNK:evilgoat|18,FILE:os:windows|16,BEH:server|13,CLASS:backdoor|13,CLASS:grayware|3,CLASS:worm|2,FAM:spybot|2,BEH:selfpropagate|2,UNK:ftppw|2,UNK:3ba18f|2
20e438d84aa2828826d52540d80bf7fa	44	FILE:os:windows|11,CLASS:spyware|3,CLASS:grayware|3,BEH:spam|2,BEH:server|2,CLASS:backdoor|2
20f0c736a966142de88dee06a2e4a5b1	69	CLASS:ransomware|28,BEH:filecrypt|28,FILE:os:windows|23,FAM:conti|21
21cd8bab6b3569f7b375a69a37e36c50	57	FILE:os:windows|18,FAM:secondthought|16,CLASS:grayware|4,CLASS:grayware:adware|3,UNK:portalscan|2
21f324a6a62d8125bc83b8d1865e17f9	47	BEH:server|19,CLASS:backdoor|19,FILE:os:windows|17,FAM:hupigon|15,FAM:bifrose|2
2271d942a23a89d7adea524d4ac3c13f	53	FILE:os:windows|16,BEH:server|10,CLASS:backdoor|10,BEH:irc|2,CLASS:grayware|2,FAM:bulz|2,CLASS:bot|2,UNK:backdoorx|2
2337b9a12ecf50b94fc95e6ac34b3ecc	59	FILE:os:windows|13,BEH:server|12,FILE:msil|12,CLASS:backdoor|12,FAM:asyncrat|8,FAM:crysan|4,FILE:packed|2,BEH:execdownload|2,CLASS:downloader|2
25e0570cc803cd77abc2268b41237937	53	FILE:os:windows|17,BEH:server|10,CLASS:backdoor|10,UNK:nucleroot|8,FILE:packed|3,CLASS:grayware|3,FAM:vobfus|2,BEH:autorun|2
273fd3f33279cc9c0378a49cf63d7a06	41	UNK:ntrc|20,BEH:server|18,CLASS:backdoor|18,FILE:os:windows|15
274a6e846c5a4a2b3281198556e5568b	61	FILE:os:windows|18,FILE:packed|10,BEH:hostsmodify|7,FILE:packed:vmprotect|6,CLASS:grayware|2
284f36e35db6a0aa9a493f39d834367e	56	FILE:os:windows|18,FAM:hupigon|15,BEH:server|9,CLASS:backdoor|9,FILE:packed|5,BEH:execdownload|2,CLASS:downloader|2
2862de561d91eedb265df4ae9b0fc872	53	BEH:server|15,CLASS:backdoor|15,UNK:remotenc|14,FILE:os:windows|12,UNK:beta|3,CLASS:grayware|2
290477c9707f64a316888493ae67b1ef	62	FILE:os:windows|20,FAM:antilam|18,BEH:server|15,CLASS:backdoor|15,FILE:proglang:delphi|2
2906b5dc5132dd1319827415e837168f	37	BEH:server|16,CLASS:backdoor|16,UNK:xlog|13,FILE:os:windows|11
2910c3bea6732d5ed81a7c44d4354136	58	FILE:os:windows|15,BEH:server|15,CLASS:backdoor|15,FILE:proglang:delphi|12,UNK:kaotic|3,UNK:registrydisabler|2
2914f01e65d848655d4f1aac51ff04d1	60	FAM:antilam|21,BEH:server|20,CLASS:backdoor|20,FILE:os:windows|17
2992b86d03c3922ed45fa09ef105f018	28	FILE:os:windows|10,BEH:execdownload|8,CLASS:downloader|8
29bc048d58ab8038c7001ef0d5e69c9b	36	FILE:os:windows|14,BEH:server|8,CLASS:backdoor|8,UNK:prexot|6,CLASS:worm|5,BEH:selfpropagate|5,UNK:secefa|4,UNK:cryptexe|2
2a366cea300b84b4e6f8204a8c229266	56	FAM:hupigon|17,FILE:os:windows|16,BEH:server|13,CLASS:backdoor|13,FILE:packed:upack|2,FILE:packed|2
2a442d3da88f721a786ff33179c664b7	48	BEH:server|14,CLASS:backdoor|14,FILE:os:windows|13,FAM:prosti|2,FAM:hupigon|2,UNK:graybi|2
2a4fda4a6687981d32c2da7bdc1efcf1	57	UNK:kraimer|23,FILE:os:windows|19,BEH:server|12,CLASS:backdoor|12,CLASS:worm|4,BEH:selfpropagate|4,UNK:lazy|2,CLASS:grayware|2
2aea3b217e6a3d08ef684594192cafc8	68	FILE:os:windows|23,CLASS:ransomware|23,BEH:filecrypt|23,FAM:cryakl|16,BEH:execdownload|2,CLASS:downloader|2,FILE:proglang:delphi|2
2b576e7551afe1c7575dc680396f1b5b	42	UNK:indexer|23,FILE:os:windows|17,BEH:server|15,CLASS:backdoor|15,CLASS:grayware|3
2bcd471d9dd0a8d6194f4112c2ee520f	57	UNK:spirit|18,BEH:server|17,CLASS:backdoor|17,FILE:os:windows|15,CLASS:grayware|2
2bd5672432a545db03db0e09c120d42e	40	FILE:os:windows|9,UNK:suomia|8,UNK:gentee|6,CLASS:grayware|2
2cbd0fcf4d5fd5fb6c8014390efb0b21	58	BEH:server|17,UNK:hellza|17,CLASS:backdoor|17,FILE:os:windows|16,CLASS:grayware|2,FILE:proglang:delphi|2
2d1d6b0fd55eca12f58b8b6d80f8153f	60	FILE:os:windows|18,UNK:jane|16,CLASS:worm|14,BEH:selfpropagate|14,BEH:server|5,CLASS:backdoor|5,UNK:noqprxypkqee|2,UNK:mircjane|2,CLASS:grayware|2,UNK:aftp|2
2d81bf2c55c81778533b55fb444d4dc6	58	FILE:os:windows|15,FAM:prorat|10,BEH:server|8,CLASS:backdoor|8,FILE:packed|3,CLASS:grayware|3,BEH:execdownload|2,CLASS:downloader|2
2da85579b259e6de86590e067003e064	51	UNK:ataka|15,BEH:server|13,CLASS:backdoor|13,FILE:os:windows|7,FAM:vtflooder|3
2e4573d8925be404a9a1ff49ee2f5bc3	56	FILE:os:windows|17,FILE:packed|5,BEH:killproc:killsectool|4,BEH:killproc|4,BEH:server|2,UNK:nspm|2,FAM:hupigon|2,CLASS:grayware|2,CLASS:backdoor|2,UNK:antavka|2
2e4b6c5bd907995f6fd40c5eeab5c6e9	59	FAM:hupigon|23,FILE:os:windows|20,BEH:server|15,CLASS:backdoor|15,UNK:aafd|2
2e507b75c0df0fcb2f9a85f4a0c1bc04	66	FILE:os:windows|22,BEH:server|19,CLASS:backdoor|19,FAM:darkkomet|12,UNK:curioso|4,FILE:proglang:delphi|3,FILE:packed|2,UNK:explorerhijack|2,BEH:execdownload|2,CLASS:downloader|2
2f3f0e9be7edb73e545fc49b5a78b4f0	54	FAM:bayrob|18,FILE:os:windows|16,CLASS:spyware|2
2ffc2446a2a6cf04c06a85deb43b9fb8	60	CLASS:ransomware|18,BEH:filecrypt|18,FILE:os:windows|15,FILE:msil|9,UNK:lokilocker|5,UNK:imps|2
304fb160949dcaec3e718481464f9ce6	61	FILE:os:windows|16,UNK:banpak|9,FILE:packed|2,FAM:fugrafa|2,BEH:execdownload|2,CLASS:downloader|2
30903ccbc6747c0da5a2775884b78def	45	FILE:os:windows|11,BEH:server|11,UNK:bluanweb|11,CLASS:backdoor|11,CLASS:grayware|2,UNK:bluanwe|2
317cd84b5c0d11a9c3aacdfe2bb6031c	55	FILE:os:windows|15,UNK:tibia|3,UNK:sneaky|2,FAM:mint|2,BEH:infosteal|2,BEH:execdownload|2,CLASS:downloader|2
339ec4617eababfd46006f2219e68cb8	52	FILE:os:windows|15,UNK:skynetref|10,CLASS:grayware|3,BEH:proxy|2
33f1dc8cf5987751ac0f063601f1c324	51	FILE:os:windows|15,UNK:deltad|13,CLASS:worm|11,BEH:selfpropagate|11,BEH:spam|2,UNK:registrydisabler|2,CLASS:grayware|2,UNK:delta|2
341b2c3222122bd25c8509fc09534dec	59	FILE:os:windows|17,BEH:server|7,CLASS:backdoor|7,FAM:darkkomet|5,UNK:siscos|4,FILE:proglang:delphi|3,UNK:yyqaa437mapo|2,UNK:userstartup|2,FILE:packed|2
34c09f7fd6668c89a59ebdc8f12d1e7b	55	FILE:os:windows|19,UNK:infexor|19,BEH:server|16,CLASS:backdoor|16,BEH:irc|2,CLASS:grayware|2,CLASS:bot|2
34fb086a88f3a2506b61a17cced3b476	61	FILE:os:windows|18,UNK:phires|10,BEH:browsermodify|5,CLASS:grayware|4,BEH:clicks|4,CLASS:clicker|4,FILE:proglang:visualbasic|2,FILE:proglang:visualbasic:vbscript|2,FILE:proglang:delphi|2,CLASS:grayware:adware|2
35100db8750364871fe70ef6de4833f7	49	CLASS:grayware|17,FILE:os:windows|13,CLASS:grayware:tool|13,UNK:afix|10
35cf54a19efcdeaa41899647075c7ef9	56	FILE:os:windows|22,BEH:server|15,CLASS:backdoor|15,FAM:darkkomet|10,FAM:pincav|2,FAM:dorv|2
35f0d754f161af35241cb081c73ea6dd	33	UNK:avstral|12,FILE:os:windows|11,BEH:server|7,CLASS:backdoor|7,BEH:execdownload|4,CLASS:downloader|4,FILE:small|3
360bbc9e0926488f085029948ff6c759	59	FILE:os:windows|18,BEH:execdownload|12,CLASS:downloader|12,BEH:infosteal|9,CLASS:grayware|2,FAM:bancos|2
3648c68bfe395fb9980ae547d881572c	55	FILE:os:windows|17,BEH:server|17,CLASS:backdoor|17,CLASS:grayware|2
36ca28db068b6f6634d633fe61d34a7d	52	FILE:os:windows|11,BEH:server|11,CLASS:backdoor|11,FILE:small|9,CLASS:grayware|2
373b1d95ccdbbc6531dff43bbbe43534	60	FILE:os:windows|21,BEH:execdownload|10,CLASS:downloader|10,FILE:proglang:delphi|10,FILE:packed|3,FAM:vobfus|2,UNK:omgfaerx1faab|2,FAM:buzus|2
378b225b07979e12062f86ab1fbaf2ed	63	FILE:os:windows|18,UNK:wuca|8,BEH:server|8,CLASS:backdoor|8,BEH:execdownload|6,CLASS:downloader|6,UNK:kufgal|4,FILE:small|3,FILE:packed|2
37d4a5ba123dd32f1e2c4ba0be14e77c	62	FAM:shodi|22,FILE:os:windows|21,CLASS:virus|11,BEH:filemodify|11,FILE:bundle|4,CLASS:worm|2,BEH:selfpropagate|2
380ff48c4a28ac25f5efb630883eeb17	59	FILE:os:windows|14,BEH:server|9,CLASS:backdoor|9,FILE:packed|3,CLASS:virus|2,BEH:filemodify|2,UNK:danmec|2,FAM:asprox|2
38745539b71cf201bb502437f891d799	62	FILE:os:windows|19,FAM:lockbit|18,CLASS:ransomware|17,BEH:filecrypt|17,FILE:packed|5,CLASS:grayware|3
38f9ee3ce51ead0ce6bf2edcaa462611	64	FILE:os:windows|20,BEH:server|14,CLASS:backdoor|14,UNK:rmtsvc|12,UNK:jaik|2,FAM:hupigon|2
39e22b8b19f6aed59d2def00c4228d56	54	FILE:os:windows|20,FAM:bifrose|8,BEH:server|7,CLASS:backdoor|7,CLASS:grayware|4,BEH:execdownload|4,CLASS:downloader|4,FILE:proglang:visualbasic|3,CLASS:grayware:tool|3,BEH:inject|3,FILE:packed|2
3a36d7ab34b3241aa2a9072700e0cb7c	58	FILE:os:windows|17,FAM:hupigon|16,BEH:server|11,CLASS:backdoor|11,FILE:packed|3,CLASS:grayware|2,BEH:execdownload|2,CLASS:downloader|2
3a505e7ea1beee556860488e34db8da6	56	UNK:dsocks|24,FILE:os:windows|16,BEH:server|15,CLASS:backdoor|15,CLASS:grayware|2
3a634db497c417679d7a20587d689d1f	52	UNK:celine|19,BEH:server|17,CLASS:backdoor|17,FILE:os:windows|12,UNK:raid|3,UNK:adonai|2
3b200c8173a92c94441cb062d38012f6	63	CLASS:ransomware|21,BEH:filecrypt|21,FILE:os:windows|17,FAM:lockergoga|13,FAM:crypren|6,UNK:afer|2
3b5564e88a0b8a41e4fd730891e635cc	51	UNK:easyserv|26,BEH:server|17,CLASS:backdoor|17,FILE:os:windows|16,CLASS:grayware|2
3b9e9e130d52fe95c8be82aa4b8feb74	61	FILE:os:windows|21,FILE:packed|11,FAM:stop|4,CLASS:ransomware|4,BEH:filecrypt|4,BEH:infosteal|3,FAM:stopcrypt|2,BEH:server|2,FAM:dofoil|2,CLASS:backdoor|2
3c407448a00b2d53b2418f53b66d5b6b	57	UNK:minilash|19,FILE:os:windows|18,BEH:server|18,CLASS:backdoor|18,UNK:mlash|3,UNK:minila|2,CLASS:grayware|2
3c55ee6753408bff2e3e6a392ed9f2a0	56	CLASS:ransomware|19,BEH:filecrypt|19,FILE:os:windows|18,FAM:conti|14,FILE:packed|7
3c5c6f0f6f78af12d6b76119696a4074	59	FILE:os:windows|16,BEH:execdownload|13,CLASS:downloader|13,FILE:proglang:delphi|6,FILE:packed|4,FAM:banload|4,BEH:infosteal|2
3d4350282ae043177063de2ad4827b97	57	FILE:os:windows|15,BEH:server|14,CLASS:backdoor|14,FAM:xrat|13,BEH:execdownload|2,CLASS:downloader|2
3dd1da64e306cae0409e154e15dd1b80	53	FILE:os:windows|14,BEH:server|13,CLASS:backdoor|13,UNK:joiner|2,CLASS:grayware|2
3ee4cb2e06eb1f7fe54c89db903f3e7a	60	UNK:burbul|27,BEH:server|20,CLASS:backdoor|20,FILE:os:windows|17
3ee7a90b5fc3f2b7ba68911e8220df17	57	FILE:os:windows|14,BEH:server|7,CLASS:backdoor|7,FILE:packed|3,BEH:execdownload|2,CLASS:downloader|2
3f3ee9dce39e816b4001bd6ae66e8f1a	60	FAM:antilam|22,FILE:os:windows|19,BEH:server|19,CLASS:backdoor|19
3f82e6ddc9f5242f5af200d2fbae4ce4	60	FILE:os:windows|19,BEH:server|19,CLASS:backdoor|19,UNK:levelone|11,BEH:irc|5,CLASS:bot|5,UNK:level|2,CLASS:grayware|2
3fbec7c0623f5f80e4d9c096a50b0d59	50	FILE:os:windows|16,BEH:server|13,UNK:reversetrojan|13,CLASS:backdoor|12,FILE:proglang:delphi|2
4087cffab90fa22c2882e2f97a467e8e	40	UNK:hanuman|19,BEH:server|17,CLASS:backdoor|17,FILE:os:windows|13
40acf109fa9621eae6930ef18f804909	52	BEH:server|19,UNK:cabrotor|19,CLASS:backdoor|19,FILE:os:windows|12
40f2238875fcbd2a92cfefc4846a15a8	57	CLASS:ransomware|21,BEH:filecrypt|21,FILE:os:windows|17,FAM:avoslocker|10,FILE:packed|5,CLASS:grayware|3
423a5a63bed721e479c156b309bb58fd	64	FAM:sality|31,FILE:os:windows|27,CLASS:virus|14,BEH:filemodify|14
4243911d5ca5655d04de8895704fcae6	60	FILE:os:windows|19,CLASS:worm|15,BEH:selfpropagate|15,UNK:kibuv|10,UNK:stdbot|5,FILE:exploit|4,BEH:server|2,FAM:sdbot|2,CLASS:grayware|2,FILE:exploit:dcom|2,FAM:blaster|2,CLASS:backdoor|2
4262a8b52b902aa2e6bf02a156d1b8d4	58	FILE:os:windows|22,UNK:autocrat|16,BEH:server|15,CLASS:backdoor|15,UNK:winshell|3,BEH:ddos|2
434923afc32a7bc7355ed9a5224b9273	47	FILE:os:windows|13,UNK:freddy|13,BEH:server|11,CLASS:backdoor|11,CLASS:grayware|3,BEH:irc|2,CLASS:bot|2
44aba241dd3f0d156c6ed82a0ab3a9e1	54	CLASS:ransomware|24,BEH:filecrypt|24,FAM:hive|19,FILE:os:windows|17
45d413b46f1d14a45e8fd36921813d62	54	UNK:netspy|19,FILE:os:windows|18,BEH:server|17,CLASS:backdoor|17,CLASS:grayware|2
464d7073f884b586b17950eef2908a6e	56	UNK:nerte|20,FILE:os:windows|15,BEH:server|14,CLASS:backdoor|14,CLASS:grayware|2
4692b129b0034fd53cd76867d9869e49	53	FILE:os:windows|16,UNK:pasta|5,FILE:packed|3,FAM:flystudio|3,BEH:browsermodify|2
46bfd4f1d581d7c0121d2b19a005d3df	68	FILE:os:windows|22,CLASS:ransomware|13,BEH:filecrypt|13,FAM:satan|12,FAM:mbrlock|8,FAM:upatre|6,BEH:execdownload|3,CLASS:downloader|3
46e27d7bfdbda7a71dfa12a79026a88b	56	FILE:os:windows|21,CLASS:worm|16,BEH:selfpropagate|16,BEH:autorun|11,FILE:proglang:delphi|10,BEH:execdownload|2,CLASS:downloader|2
47e819a6ce3d5e93819f4842cfbe23d6	53	UNK:smwg|16,FILE:os:windows|11,UNK:constructor|10,CLASS:grayware|5,CLASS:grayware:tool|2
4932471df98b0e94db076f2b1c0339bd	60	UNK:wollf|17,FILE:os:windows|17,BEH:server|17,CLASS:backdoor|17,UNK:wolf|4,FILE:packed|2
49da40a2ac819103da9dc5ed10d08ddb	51	BEH:server|17,FILE:os:windows|16,CLASS:backdoor|16,UNK:coredoor|12,FAM:installcore|2,FILE:proglang:delphi|2,UNK:ayyo4hjg|2
4a8d6bc838c09c6701abfa8b283fd0de	52	FILE:os:windows|16,BEH:execdownload|12,CLASS:downloader|12,UNK:googite|7,UNK:tofger|6,BEH:proxy|3,UNK:daemonize|3,BEH:infosteal|2
4b5fc3a2489985f314b81d35eac3560f	-	[]
4b9a42ca1e65cf0a7febbe18f397ef24	58	UNK:psychward|19,FILE:os:windows|17,BEH:server|16,CLASS:backdoor|16,BEH:irc|4,CLASS:bot|4,CLASS:grayware|3
4ba3c08d8ad964328f2b6f618f714df2	58	FILE:os:windows|18,BEH:server|17,CLASS:backdoor|17,UNK:backlash|13,FAM:antilam|2
4c5c1731481ea8d67ef6076810c49e00	58	CLASS:ransomware|22,BEH:filecrypt|22,FAM:revil|20,FILE:os:windows|19,FILE:packed|2,UNK:nekto|2,FILE:exploit|2
4cf1f1d740d7acea4d3836228980ebcb	55	BEH:server|16,CLASS:backdoor|16,FILE:os:windows|15,FAM:optix|15,FILE:proglang:delphi|4,FILE:packed|2,BEH:execdownload|2,CLASS:downloader|2
4d10cd3fa86239ade05d2b741892b1e5	50	FILE:os:windows|16,BEH:server|15,CLASS:backdoor|14,UNK:coredoor|11,FAM:installcore|2,FILE:proglang:delphi|2,UNK:ayyo4hjg|2
4de6f4104a5fc2185164747a6fcf20ce	60	FILE:os:windows|17,BEH:server|5,CLASS:backdoor|5,CLASS:worm|4,BEH:selfpropagate|4,CLASS:virus|2,FILE:packed|2,FAM:kuluoz|2,BEH:filemodify|2,UNK:danmec|2,FAM:asprox|2
4f9376824718ff23a6238c877f73ff73	48	BEH:server|15,CLASS:backdoor|15,UNK:nefutur|10,FILE:os:windows|9,CLASS:grayware|3,UNK:netfutur|2,BEH:execdownload|2,CLASS:downloader|2
50467c891bf7de34d2d65fa93ab8b558	-	[]
509e3d4839688c6173980dfba22ebd55	61	FILE:os:windows|19,BEH:server|16,CLASS:backdoor|16,BEH:irc|5,CLASS:bot|5,FILE:exploit|3,UNK:dcomrpc|3,CLASS:grayware|2
5131a9b441c9f9b20228f171c327a4f5	56	BEH:server|19,UNK:netterrorist|19,CLASS:backdoor|19,FILE:os:windows|14,UNK:terrorist|3
52d1341f73c34ba2638581469120b68a	62	UNK:wollf|23,BEH:server|21,CLASS:backdoor|21,FILE:os:windows|19,UNK:wolf|5
531d8b4ac8f7eb827d62424169321b2b	56	FILE:os:windows|15,CLASS:grayware|5,CLASS:grayware:tool|4,FAM:revetrat|3,FILE:packed|3,FAM:tiggre|2,BEH:server|2,UNK:rrat|2,UNK:msilperseus|2,FILE:msil|2,CLASS:backdoor|2
54530f88c8e4f4371c9418f00c256b1d	55	FILE:os:windows|14,FILE:packed|5,BEH:infosteal|5,FILE:packed:vmprotect|3,FILE:msil|3,CLASS:grayware|3,FAM:msilheracles|2,UNK:genericrxnp|2,FAM:bobik|2
5494b78dcfaf16aa43b5dbd563dc5582	58	UNK:wollf|23,FILE:os:windows|19,BEH:server|19,CLASS:backdoor|19,UNK:wolf|4
551674fec6add7117c4be7f6b357e7cb	62	FILE:os:windows|19,BEH:server|13,CLASS:backdoor|13,FILE:small|11,BEH:execdownload|3,CLASS:downloader|3,UNK:amhfa8ehr1p|2
5559e9f5e1645f8554ea020a29a5a3ee	51	FILE:os:windows|16,CLASS:ransomware|9,BEH:filecrypt|9,UNK:lockfile|7,FILE:packed:vmprotect|3,FILE:packed|3,FAM:sabsik|2,UNK:lazy|2,UNK:atomsilo|2
55822613e0d0f437f3ebe5c7f4155452	52	UNK:wdoor|23,FILE:os:windows|16,BEH:server|16,CLASS:backdoor|16,CLASS:grayware|2
55ce4b6c2ec10838c54dca54d96801d6	57	FILE:os:windows|19,BEH:dials|7,CLASS:dialer|7,UNK:raznew|5,BEH:proxy|5,CLASS:grayware|2
55feab480a43727c8a08feb7344afb4a	58	UNK:zombam|24,FILE:os:windows|19,BEH:server|17,CLASS:backdoor|17,CLASS:grayware|2
56a2b135c8d35561ea5b04694155eb77	59	BEH:server|18,CLASS:backdoor|18,UNK:winshell|16,FILE:os:windows|16,UNK:winshel|2,CLASS:grayware|2,BEH:execdownload|2,CLASS:downloader|2
56a93a2a0a4c6a09e2761f2e0351b020	64	FILE:os:windows|23,FAM:lolbot|13,BEH:server|10,CLASS:backdoor|10,CLASS:worm|6,BEH:selfpropagate|6,FAM:fakefolder|3,BEH:execdownload|3,CLASS:downloader|3,FAM:griptolo|2,CLASS:grayware|2
56d356c5b1ae3a91caac511179159034	60	UNK:zombam|23,FILE:os:windows|21,BEH:server|17,CLASS:backdoor|17,UNK:httprat|2,CLASS:grayware|2
57ab194d8c60ee97914eda22e4d71b68	45	FILE:os:windows|10,FAM:alien|7,CLASS:grayware|3,FAM:zbot|2
57bda78cc5fd6a06017148bae28e8e39	52	UNK:wisell|15,FILE:os:windows|15,BEH:server|11,CLASS:backdoor|11,CLASS:grayware|2
57dee3430d4531a2699f6520819a2ece	61	BEH:server|19,CLASS:backdoor|19,FILE:os:windows|17,UNK:miniblacklash|13,UNK:miniblacklas|4,UNK:minibacklash|2,CLASS:grayware|2
5817183894cb513239f6aef28895130c	55	BEH:server|19,UNK:psyrat|19,CLASS:backdoor|19,FILE:os:windows|18
584bc06128469423f9e50e8a359d18ac	47	BEH:server|17,CLASS:backdoor|17,FILE:os:windows|11,CLASS:grayware|3
58be35e792476d1c015df7853112d200	52	FILE:os:windows|14,BEH:server|8,CLASS:backdoor|8,UNK:oo0baupn8qlb|2,UNK:atraps|2
596882dfba543b23ad3225d24ee5e800	60	FILE:os:windows|15,BEH:server|12,CLASS:backdoor|12,UNK:jtram|11,CLASS:grayware|3,FAM:sdbot|2,BEH:execdownload|2,CLASS:downloader|2
5a83f8b8c8a8b7a85b3ff632aa60e793	35	FILE:os:windows|14,BEH:server|12,CLASS:backdoor|12,FAM:shark|11,BEH:execdownload|4,CLASS:downloader|4,FAM:buzus|2
5aa81ddc996be64116754efac0e4f55d	56	FILE:os:windows|16,BEH:server|13,CLASS:backdoor|13,UNK:gatehell|7,FAM:netbus|4,CLASS:grayware|2,UNK:doina|2
5ac0f050f93f86e69026faea1fbb4450	67	CLASS:ransomware|21,BEH:filecrypt|21,FILE:os:windows|18,FAM:ryuk|14,FILE:packed|3,FAM:daws|3,FILE:msil|2,FAM:lazarus|2,BEH:execdownload|2,CLASS:downloader|2
5b63a6e730f094d182c9030e3a57bcb8	60	FILE:os:windows|18,BEH:execdownload|10,CLASS:downloader|10,FILE:proglang:delphi|10,CLASS:spyware|2,UNK:pcik|2,FILE:packed|2,BEH:infosteal|2
5bc5f72d19019a2fa3b75896e82ae1e5	38	UNK:winshell|18,BEH:server|13,CLASS:backdoor|13,FILE:os:windows|11,FILE:packed|2,BEH:execdownload|2,CLASS:downloader|2
5be13eb16018ab69157f8c8e96e7d6bf	58	FILE:os:windows|18,BEH:server|16,CLASS:backdoor|16,UNK:pazus|15,UNK:prosiak|2
5c644104f96ccad7a8cf324c2e523530	57	FILE:os:windows|17,BEH:server|7,FAM:darkkomet|7,CLASS:backdoor|7,BEH:inject|4,BEH:execdownload|4,CLASS:downloader|4,BEH:processhijack|3,FILE:proglang:visualbasic|2,CLASS:grayware|2
5cddc4647fb1c59f5dc7f414ada7fad4	51	FILE:os:windows|12,BEH:execdownload|9,CLASS:downloader|9,FILE:packed|3,BEH:filemodify|3,CLASS:virus|2,UNK:rarsfx|2,FILE:proglang:delphi|2,UNK:crifi|2,FAM:chifrax|2
5d7908e7e95d0eb4a7351d24605e62a6	60	FAM:hupigon|19,FILE:os:windows|18,BEH:server|12,CLASS:backdoor|12,FILE:packed|2,FAM:graybird|2
5dfa998f62612e10d5d28d26948dd50f	57	FILE:os:windows|15,CLASS:ransomware|9,BEH:filecrypt|9,FAM:aenjaris|9,CLASS:grayware|3,FAM:glupteba|3,UNK:babukbuilder|3,UNK:constructor|2
5e2e6ca532c20ee6a59861d936df7076	57	FILE:os:windows|17,BEH:server|12,CLASS:backdoor|12,UNK:rmfdoor|7,FILE:proglang:delphi|3,FAM:reconyc|2,FAM:malex|2,BEH:infosteal|2,BEH:execdownload|2,CLASS:downloader|2
5ea9840970e78188f73eb1763363eeac	36	FILE:os:windows|7,UNK:hotkeychick|3
5eb58198721d4ded363e41e243e685cc	55	FILE:os:windows|16,BEH:server|8,CLASS:backdoor|8,FILE:packed|4,FAM:azbreg|4,UNK:tordev|3,BEH:inject|3,CLASS:grayware:tool|2,CLASS:grayware|2,FAM:bifrose|2
5f5b308853b9aa9243390c135ff6ba1b	64	FILE:os:windows|19,UNK:comei|5,CLASS:worm|4,BEH:selfpropagate|4,BEH:execdownload|3,FAM:eggnog|3,CLASS:downloader|3,BEH:autorun|3,BEH:server|2,FILE:packed|2,CLASS:backdoor|2
5f79b779acd4c9c75211835a2783bccb	57	FILE:os:windows|15,BEH:server|15,CLASS:backdoor|15,UNK:wollf|14,FILE:packed|4
5ff832ce6af4b03a709eaf380672cf34	54	FILE:os:windows|14,BEH:server|10,CLASS:backdoor|10,BEH:spam|3,FILE:packed|2,CLASS:grayware|2,UNK:dras|2
60a7d5e2d446110d84ef65f6a37af0eb	56	FAM:pluto|20,FILE:os:windows|19,CLASS:worm|16,BEH:selfpropagate|16,BEH:spam|3,FAM:eggnog|3,BEH:execdownload|2,CLASS:downloader|2,FILE:proglang:delphi|2
611dbff0d68df777c6d6881e00440143	56	FAM:bifrose|19,FILE:os:windows|18,BEH:server|6,CLASS:backdoor|6,UNK:constructor|5,CLASS:grayware|3,CLASS:rogueware|2,BEH:alertuser|2
61285c988de52b7c067fb2e703f2ab83	54	FILE:os:windows|9,FILE:msil|7,BEH:infosteal|6,CLASS:spyware|4,BEH:execdownload|2,CLASS:downloader|2,FAM:bulz|2
6152709e741c4d5a5d793d35817b4c3d	65	FILE:os:windows|21,CLASS:ransomware|14,BEH:filecrypt|14,FAM:radamant|9,UNK:radam|9,BEH:proxy|2,CLASS:grayware|2,BEH:execdownload|2,CLASS:downloader|2
618f28253d1268132a9f10819a6947f2	50	FILE:os:windows|18,FAM:rebhip|9,UNK:decay|6,CLASS:worm|3,CLASS:spyware|3,BEH:selfpropagate|3,BEH:execdownload|3,CLASS:downloader|3,CLASS:rootkit|2,BEH:osmodify|2,FAM:llac|2,FILE:proglang:delphi|2
61bec9f22a5955e076e0d5ddf6232f3f	54	UNK:daemonize|20,FILE:os:windows|16,BEH:proxy|11,UNK:tofger|2,CLASS:grayware|2
6209db6e8cfd7c7a315ca858129bd226	45	CLASS:grayware|18,CLASS:grayware:tool|14,FILE:os:windows|12,UNK:hkit|11,UNK:haxor|2
6268df4c9c805c90725dde4fe5ef6fea	63	FAM:beastdoor|23,FILE:os:windows|22,BEH:server|16,CLASS:backdoor|16,FILE:proglang:delphi|2,UNK:beastd|2
62ad686f97faaa68f580d32d25333f51	52	FILE:os:windows|13,UNK:barjac|13,UNK:uploader|2,FILE:proglang:delphi|2
63c55ad21e0771c7f9ca71ec3bfcea0f	56	FAM:ketch|20,BEH:server|15,CLASS:backdoor|15,FILE:os:windows|14,FILE:packed|2,UNK:hmbdbq6faid|2
64f2fd4dbd9039e5bc054f475eaa582a	53	FILE:os:windows|12,BEH:server|12,CLASS:backdoor|12
6547f34243104ba6e21154ad96b799a5	62	FILE:os:windows|22,FAM:alyak|17,BEH:execdownload|8,CLASS:downloader|8
65a53a37843db2b86a67a9e23277c1bf	58	FILE:os:windows|17,FAM:prorat|17,BEH:server|14,CLASS:backdoor|14,UNK:gjsfmydg|2,BEH:execdownload|2,CLASS:downloader|2
665a408981294ca49be23096363eec2f	38	FILE:os:windows|11,CLASS:grayware|11,CLASS:grayware:tool|8,UNK:hidd|8,UNK:hideproc|2
6681d5e4b68abd21a14c704edf9e2ff5	62	FILE:os:windows|19,FAM:pramro|12,BEH:server|6,CLASS:backdoor|6,BEH:proxy|3,CLASS:grayware|3,CLASS:grayware:tool|2,BEH:spam|2,FAM:sality|2
66ef21e8d1cf30dce6e084a9e306c18f	46	FILE:os:windows|16,UNK:remotemanipulator|12,BEH:server|10,CLASS:backdoor|10,FILE:packed:pecompact|2,FILE:packed|2,CLASS:grayware|2
66fa06a4e3e799b059910dc17de295ae	67	FILE:os:windows|22,BEH:server|19,CLASS:backdoor|19,FAM:darkkomet|12,UNK:curioso|4,FILE:proglang:delphi|3,UNK:userstartup|2,FILE:packed|2,BEH:execdownload|2,CLASS:downloader|2
6748dfe8e64dea2fc4c14691f7e766c6	56	CLASS:ransomware|18,BEH:filecrypt|18,FILE:os:windows|17,FAM:conti|11,FILE:packed|3,FAM:ryuk|2,BEH:killproc:killsectool|2,BEH:killproc|2
68d135936512e88cc0704b90bb3839e0	32	FILE:os:windows|10,BEH:server|10,CLASS:backdoor|10,UNK:armageddon|9,UNK:porkfoot|2
68ed9d6e4f3e917ab4b91689e2890754	56	FILE:os:windows|16,UNK:fmjfbir1j9e|2,BEH:execdownload|2,UNK:emogen|2,CLASS:downloader|2,UNK:bumat|2
694d21679cc212c59515584d1b65dc84	55	BEH:server|17,UNK:blueadept|17,CLASS:backdoor|17,FILE:os:windows|16,UNK:blueade|2
694ecf256c97ef6e206e2073d37e5944	55	UNK:skydance|21,BEH:server|19,CLASS:backdoor|19,FILE:os:windows|17
6a2d09c4527cf222e4e2571b074fcc0c	62	FILE:os:windows|19,BEH:server|19,CLASS:backdoor|19,UNK:levelone|12,BEH:irc|5,CLASS:bot|5,UNK:level|3,CLASS:grayware|3
6a3329d12323f4920dbf13afe1be6acd	52	FILE:os:windows|16,UNK:banka|14,CLASS:virus|7,BEH:filemodify|7,CLASS:worm|2,UNK:simplbot|2,BEH:server|2,BEH:selfpropagate|2,CLASS:infector|2,CLASS:grayware|2,UNK:bang|2,CLASS:backdoor|2
6a6ce3e7f24bf000d9a011a8f1905da8	59	BEH:server|19,UNK:directconnection|19,CLASS:backdoor|19,FILE:os:windows|17
6a96fc226fbe9f0efbcc8a7b2e34b807	60	FILE:os:windows|20,FAM:hupigon|18,BEH:server|10,CLASS:backdoor|10,FILE:packed|3,CLASS:grayware|2,FILE:proglang:delphi|2
6b2a9304d1c7a63365db0f9fd12d39b0	56	UNK:zxman|16,BEH:server|15,CLASS:backdoor|15,FILE:os:windows|14,FILE:proglang:delphi|3
6b9afcad282516173c0ab8a6eb91e8b4	60	FILE:os:windows|18,UNK:xyligan|11,BEH:server|9,CLASS:backdoor|9,BEH:execdownload|3,CLASS:downloader|3,FAM:rincux|2
6b9f5a0512af3ab33c26eaa4bdf94f1f	60	FILE:os:windows|19,FILE:proglang:delphi|11,BEH:server|8,CLASS:backdoor|8,BEH:execdownload|4,CLASS:downloader|4,BEH:infosteal|3,FAM:malex|2
6baf47d953de7e4e07aef9b1af0c0d72	57	UNK:rasflooder|17,FILE:os:windows|16,BEH:server|3,CLASS:backdoor|3,CLASS:grayware|2
6bf08611410e3ef7df67d781a2e8efed	59	FILE:os:windows|21,FILE:proglang:delphi|10,BEH:server|3,UNK:coolvidoor|3,CLASS:backdoor|3,FILE:packed|2,FAM:hupigon|2
6c5081e9b65a52963b0b1ae612ef7eb4	57	UNK:zombam|22,FILE:os:windows|20,BEH:server|17,CLASS:backdoor|17,FILE:packed|2
6c51a5ba17ffd317ad08541e20131ef3	57	FILE:os:windows|18,BEH:server|8,CLASS:backdoor|8,BEH:proxy|3,FILE:packed|3,FAM:antinny|3,CLASS:worm|2,BEH:selfpropagate|2
6c7b364dafe0560dfb15c9b03f1b44bd	47	FAM:subseven|18,BEH:server|16,CLASS:backdoor|16,FILE:os:windows|14,CLASS:grayware|2
6c9665de78ae60a8e057d2c9cdb91596	61	FILE:os:windows|22,BEH:server|16,UNK:dsklite|16,CLASS:backdoor|16,CLASS:grayware|2
6cc630843cabf23621375830df474bc5	56	FILE:os:windows|17,FAM:dumador|14,BEH:server|8,CLASS:backdoor|8,CLASS:worm|3,UNK:silentlog|3,BEH:selfpropagate|3,FILE:small|2,CLASS:grayware|2
6ec85a641656f63f4de853468509d3e3	60	FAM:subseven|21,FILE:os:windows|20,BEH:server|19,CLASS:backdoor|19
6eece319bc108576bd1f4a8364616264	60	FILE:os:windows|19,BEH:server|12,CLASS:backdoor|12,FILE:proglang:delphi|9,UNK:ninjaspy|5,BEH:execdownload|4,CLASS:downloader|4,BEH:infosteal|2,FAM:antilam|2
6f484fea8f6bb3974185fc856f37541b	54	FILE:os:windows|13,FAM:spyeye|11,CLASS:spyware|3,BEH:execdownload|3,CLASS:downloader|3
6fab73bf104c6a9211b94f9559faa134	40	FILE:os:windows|14,BEH:server|12,CLASS:backdoor|12,FAM:pcclient|6,UNK:nbdd|4,BEH:execdownload|2,CLASS:downloader|2
6ff35087d789f7aca6c0e3396984894e	52	FILE:os:windows|16,BEH:server|5,CLASS:backdoor|5
70711c4f594fe97ff6ab17039c133458	58	FILE:os:windows|16,BEH:execdownload|9,CLASS:downloader|9,BEH:server|6,CLASS:backdoor|6,UNK:upload|5,UNK:iciko|5,FILE:small|2,FILE:packed|2,FILE:proglang:delphi|2
70c5f8d61f6ac67091c0c5860e456427	58	UNK:psychward|19,FILE:os:windows|18,BEH:server|18,CLASS:backdoor|18,BEH:irc|4,CLASS:bot|4,CLASS:grayware|2
710a77804637f65e22a2e230ff6444f9	57	CLASS:ransomware|17,BEH:filecrypt|17,FILE:os:windows|15,FAM:conti|12,FAM:crypmod|3,UNK:diavolo|2
717f316391b6a7b97fa160b0a627a413	46	FILE:os:windows|12,UNK:remotemanipulator|6,CLASS:grayware|4,BEH:execdownload|4,CLASS:downloader|4,BEH:server|3,CLASS:backdoor|3
71a76adeadc7b51218d265771fc2b0d1	50	FILE:os:windows|16,FAM:platinum|6,FAM:agentb|3,BEH:execdownload|2,CLASS:downloader|2,UNK:doina|2
7361fe3620fb6e18467c8e15e224b0b8	54	FAM:darkmoon|18,FILE:os:windows|15,BEH:server|11,CLASS:backdoor|11,UNK:bumat|3
74e65773735f977185f6a09f1472ea46	55	FILE:os:windows|13,CLASS:worm|5,BEH:selfpropagate|5,FAM:asprox|4,BEH:spam|3,CLASS:virus|2,BEH:filemodify|2,UNK:danmec|2
7588da376f496aa678cdfca4e404f38a	62	FILE:os:windows|21,UNK:servstar|6,BEH:servstart|5,BEH:execdownload|4,CLASS:downloader|4,FAM:nitol|3,BEH:infosteal:gamethief|3,FAM:onlinegames|2,BEH:infosteal|2,CLASS:grayware|2,BEH:ddos|2
765698ccfb033c86eea6d293235d7ed0	60	FAM:bayrob|18,FILE:os:windows|17,CLASS:spyware|2
76c09bc82984c7f7ef55eb13018e0d87	58	BEH:server|18,CLASS:backdoor|18,FILE:os:windows|16,UNK:bushtrommel|16,BEH:execdownload|4,CLASS:downloader|4,UNK:sfpbvbpk|2,UNK:2f403b|2
776e8bb41adf8bd95865c0b03637d8d7	45	UNK:nerte|16,BEH:server|15,CLASS:backdoor|15,FILE:os:windows|10,CLASS:grayware|3
783a191e7944e1af84ec0fa96d933f30	59	FILE:os:windows|18,FAM:subseven|17,BEH:server|16,CLASS:backdoor|16
78a39875a0adb110cf3c7de3a0d1384c	55	FILE:os:windows|18,FAM:ardamax|18,BEH:keylogging|5,CLASS:keylogger|5,CLASS:spyware|4,CLASS:grayware|3,BEH:execdownload|3,CLASS:downloader|3
79affcb4051d36dde3d1543a4fd88368	61	FILE:os:windows|21,FAM:hupigon|20,BEH:server|17,CLASS:backdoor|17
79d9908b6769e64f922e74a090f5ceeb	62	UNK:zombam|23,FILE:os:windows|21,BEH:server|18,CLASS:backdoor|18,CLASS:grayware|4,CLASS:grayware:tool|2,UNK:httprat|2
7a3c4ec00ba952207f25d1189c86ce22	58	FILE:os:windows|20,CLASS:worm|12,UNK:silentium|12,BEH:selfpropagate|12,BEH:server|6,CLASS:backdoor|6,BEH:irc|3,CLASS:bot|3,UNK:telnet|2,UNK:ementor|2
7a96d7a1f28bfb6ae36a15263a8a7135	64	CLASS:ransomware|26,BEH:filecrypt|26,FAM:revil|23,FILE:os:windows|19,FILE:packed|5
7afe56286039faf56d4184c476683340	64	FILE:os:windows|23,FAM:hupigon|23,BEH:server|18,CLASS:backdoor|18,FAM:graybird|2
7ba20fce7ac259f6062f73290c2e28cf	54	FILE:os:windows|18,CLASS:ransomware|16,BEH:filecrypt|16,FAM:conti|11,FILE:packed|6,FAM:ryuk|2
7bd93c10c9373cfc2bcc8eff712631f1	59	FILE:os:windows|16,BEH:server|6,CLASS:backdoor|6,FAM:xtrat|4,FILE:packed|4,FILE:proglang:visualbasic|3,UNK:virtumod|3,BEH:inject|3,CLASS:grayware|2
7c92e59e776355734781bbf05571d0f0	58	FILE:os:windows|18,BEH:server|7,CLASS:backdoor|7,CLASS:grayware|3,FAM:asprox|3,BEH:spam|2,UNK:danmec|2
7cb253cf47b6de8adfea559e51950c17	65	FILE:os:windows|20,UNK:comei|5,CLASS:worm|4,BEH:selfpropagate|4,BEH:execdownload|4,FAM:eggnog|4,CLASS:downloader|4,BEH:autorun|3,BEH:server|2,FILE:packed|2,CLASS:backdoor|2
7d7ee58c2696794b3be958b165eb61a9	65	FILE:os:windows|28,FAM:neshta|26,CLASS:virus|17,BEH:filemodify|17,FAM:revil|2,CLASS:ransomware|2,CLASS:infector|2,BEH:filecrypt|2
7e99aa748b61fd0802fa19cf9e4cf1f8	62	FAM:hupigon|21,FILE:os:windows|20,BEH:server|18,CLASS:backdoor|18,FILE:packed|3
7f314e798c150aedd9ce41ed39318f65	57	FILE:os:windows|18,FAM:xtrat|12,BEH:server|6,CLASS:backdoor|6,FAM:xrat|3,CLASS:grayware|2,FAM:fugrafa|2,FAM:agentb|2
7ff073cc9e4e6750ba52135ba02ee531	57	CLASS:ransomware|25,BEH:filecrypt|25,FILE:os:windows|20,FAM:revil|19,FILE:packed|2,BEH:execdownload|2,CLASS:downloader|2
80b0fc8c0657c0ae7971f09af45c706b	61	FILE:os:windows|20,FAM:hupigon|18,BEH:server|11,CLASS:backdoor|11,FILE:packed|2
80e98fdf726a3e727f3414bdbf2e86bb	59	UNK:netbull|23,FILE:os:windows|18,BEH:server|18,CLASS:backdoor|18,CLASS:grayware|2
81301fecc7d9ff6b28ac779d2f819673	57	FILE:os:windows|14,BEH:infosteal|11,FILE:proglang:delphi|10,BEH:execdownload|4,CLASS:downloader|4,FAM:bancos|3,CLASS:spyware|2,CLASS:grayware|2,FAM:banbra|2
8170928cd3e0f1a79b9d40ae19a4d217	59	UNK:winshell|22,FILE:os:windows|18,BEH:server|18,CLASS:backdoor|18,FAM:fugrafa|2
8201ba6b542fc91c004110b2fc5395aa	56	FILE:os:windows|14,FAM:prosti|14,BEH:server|11,CLASS:backdoor|11,UNK:sbeng|2,FAM:hupigon|2,CLASS:grayware|2,FILE:proglang:delphi|2
82183b3d85311a39fb80ae07357594e5	43	FILE:os:windows|11,UNK:remotemanipulator|8,BEH:server|4,CLASS:backdoor|4,CLASS:grayware|3
821d3d5a9b15dc3388fe17f233cce296	57	FILE:os:windows|15,FILE:proglang:delphi|10,BEH:server|7,CLASS:backdoor|7,BEH:execdownload|3,CLASS:downloader|3,CLASS:spyware|2,FILE:packed|2,UNK:latinu|2
8225bb6b430d5cdf523c4d0cabbe5793	59	BEH:server|20,UNK:cafeini|20,CLASS:backdoor|20,FILE:os:windows|19,UNK:hmgfaajzth|3
82641dabbb1f73dd775e200466a07ec1	59	FILE:os:windows|16,UNK:verify|15,BEH:server|12,CLASS:backdoor|12,CLASS:grayware|2
833868d3092bea833839a6b8ec196046	58	FILE:os:windows|19,BEH:server|11,CLASS:backdoor|11,FAM:farfli|6,BEH:inject|4,FAM:zegost|3,BEH:killproc:killsectool|2,BEH:killproc|2,BEH:execdownload|2,CLASS:downloader|2
837ec70bfb305b5c862ff9b04e70a318	52	FILE:os:windows|16,UNK:wisell|12,BEH:server|11,CLASS:backdoor|11,CLASS:grayware|2
838f67d7a4b6824ec59892057aab3bb7	50	CLASS:grayware|13,CLASS:grayware:tool|11,FILE:msil|10,FILE:os:windows|7,BEH:ddos|7,UNK:sylavriu|5,BEH:server|4,CLASS:backdoor|4,FAM:johnnie|2,BEH:execdownload|2,CLASS:downloader|2
83fe2cc7aedc452d71c751053a2112c4	53	UNK:winshell|21,BEH:server|16,CLASS:backdoor|16,FILE:os:windows|14,CLASS:grayware|2
842f6f21a2a83792e98900df90c9340b	59	FILE:os:windows|16,BEH:inject|10,BEH:execdownload|9,CLASS:downloader|9,CLASS:grayware|3,FILE:proglang:visualbasic|2,CLASS:grayware:tool|2,UNK:manbat|2
84c82835a5d21bbcf75a61706d8ab549	70	CLASS:ransomware|29,BEH:filecrypt|29,FAM:wannacry|27,FILE:os:windows|22
851f8945d1b5923990f4722d627156a0	53	UNK:cafeini|18,FILE:os:windows|16,BEH:server|16,CLASS:backdoor|16,CLASS:grayware|2
853754de6b8ffbe1321a8c91aab5c232	57	FILE:os:windows|15,BEH:server|13,CLASS:backdoor|13,BEH:proxy|2
857999d2306f257b80d1b8f6a51ae8b0	56	UNK:guptachar|19,FILE:os:windows|17,BEH:server|17,CLASS:backdoor|17,CLASS:grayware|2
859aab793a42868343346163bd42f485	46	BEH:server|14,CLASS:backdoor|14,FILE:os:windows|13,UNK:controlit|13,FAM:wacatac|2
85f7ef2b6b8da9adb7723a13b91ac1c7	59	FILE:os:windows|17,UNK:danton|17,BEH:server|15,CLASS:backdoor|15,CLASS:grayware|2,UNK:akmxmecg|2
867c6b432ccd4aa51adc5e2722a4b144	53	UNK:wollf|18,FILE:os:windows|15,BEH:server|14,CLASS:backdoor|14,UNK:wolf|3,FILE:packed|2
869c813722be90cf1b3708051103ce14	59	FILE:os:windows|19,BEH:execdownload|14,CLASS:downloader|14,FILE:proglang:delphi|12,UNK:webmoner|2,CLASS:grayware|2
86e63bb63f3baf48ad3bf24c3f5b7e40	49	FILE:os:windows|14,UNK:gentee|10,UNK:qdel|2,CLASS:grayware|2,UNK:genteekiller|2
885e74a43b4f7caec3cfb4dba0787de4	62	FILE:os:windows|21,BEH:server|17,CLASS:backdoor|17,CLASS:grayware|10,CLASS:grayware:tool|7,UNK:netcat|6,CLASS:grayware:tool:remoteadmin|4,FAM:virut|2,FAM:sdbot|2,CLASS:grayware:tool:nettool|2
8872c2ec49ff3382240762a029631684	25	BEH:server|12,FILE:proglang:delphi|12,CLASS:backdoor|12,FILE:os:windows|10
88785a093b8fa00893214dd220ac255d	56	FILE:os:windows|19,BEH:server|15,UNK:motivftp|15,CLASS:backdoor|15,UNK:invisibleftp|2
89000e259ffbd107b7cc9bac66dcdcf5	55	BEH:server|17,CLASS:backdoor|17,FILE:os:windows|15,UNK:xingdoor|11
8936c97e99799809812fa740076a2d7f	57	FILE:os:windows|18,UNK:wimain|12,BEH:proxy|12,BEH:server|5,CLASS:backdoor|5,CLASS:grayware|2
8abb41f6e7010d70c90f65fd9a740faa	30	FILE:os:windows|6,CLASS:grayware|2,UNK:doina|2
8b17a68d7b2291f217b63e0377ee2b3a	57	FILE:os:windows|15,BEH:execdownload|10,CLASS:downloader|10,FILE:proglang:delphi|5,CLASS:grayware|3,BEH:clicks|3,CLASS:clicker|3,CLASS:grayware:adware|2
8b470931114527b4dce42034a95ebf46	52	FILE:os:windows|12,BEH:server|9,CLASS:backdoor|9,UNK:eclipse|6,UNK:temporalftp|2,CLASS:grayware|2,FILE:proglang:delphi|2
8b484576f928c256277016104cc364c2	52	FILE:os:windows|16,UNK:backattack|15,BEH:server|10,CLASS:backdoor|10,UNK:umkfrp6ngwdib|2,CLASS:grayware|2,UNK:backatt|2
8b855e56e41a6e10d28522a20c1e0341	60	CLASS:ransomware|18,BEH:filecrypt|18,FILE:os:windows|10,FILE:msil|10,CLASS:grayware|7,FAM:chaos|4,UNK:ryukcrypt|2,FAM:redcap|2,FILE:packed|2,UNK:imps|2,UNK:constructor|2
8bfac1f52a94f36b711e20bce30161cc	59	FILE:os:windows|15,FAM:buzus|5,FAM:spyeye|4,BEH:server|3,FILE:packed|3,BEH:execdownload|3,CLASS:downloader|3,CLASS:backdoor|3,CLASS:grayware|2,FAM:buterat|2
8c0e6ec6b8ac9eb1169e63df71f24456	45	FILE:os:windows|17,UNK:pophot|6,BEH:execdownload|4,CLASS:downloader|4,BEH:infosteal:gamethief|3,CLASS:spyware|2,FAM:gamania|2,UNK:cymdos|2
8c2acfcc60dda52db9bd9a934284b673	57	FILE:os:windows|15,FAM:sdbot|9,BEH:server|7,CLASS:backdoor|7,FAM:ranky|6,CLASS:worm|3,BEH:selfpropagate|3,FAM:rbot|2,FILE:packed|2,FAM:gtbot|2
8c82de32ab2b407451b9fc054c09f717	51	FILE:os:windows|16,BEH:server|7,FAM:darkkomet|7,CLASS:backdoor|7,BEH:inject|4,FILE:packed|2
8c9e7906d0ad5d0f2267be0057f2a8e3	54	FAM:mechbot|18,BEH:server|15,CLASS:backdoor|15,FILE:os:windows|14,FILE:os:linux|3
8ca35b7867e23a1bbb0fea6d51fc1b61	65	CLASS:ransomware|23,BEH:filecrypt|23,FAM:revil|22,FILE:os:windows|20,FILE:packed|4,FAM:delshad|2
8d0df60c96e4011c312d61ed3e6dc70e	33	UNK:kipis|21,CLASS:worm|13,BEH:selfpropagate|13,FILE:os:windows|12,BEH:spam|4
8d42c01180be7588a2a68ad96dd0cf85	59	FILE:os:windows|17,BEH:execdownload|10,CLASS:downloader|10,FAM:artra|4,BEH:server|3,CLASS:backdoor|3,FAM:redcap|2,CLASS:grayware|2,UNK:bitter|2
8dc8abc99c1e7908fe9d048a4e360960	65	FILE:os:windows|21,FAM:hupigon|20,BEH:server|15,CLASS:backdoor|15
8de56eef118187a89eeab972288ce94d	37	FILE:os:windows|15,UNK:nucleroot|13,BEH:server|12,CLASS:backdoor|12,CLASS:grayware|3
8df7527bd3446b89298c9c750394e0b6	58	FAM:detnat|24,FILE:os:windows|23,CLASS:worm|8,BEH:selfpropagate|8,CLASS:virus|2,BEH:filemodify|2
8ed9a60127aee45336102bf12059a850	50	FILE:os:windows|16,CLASS:ransomware|7,FAM:petya|7,BEH:filecrypt|7,FAM:mischa|5,BEH:filemodify|2,UNK:diskcoder|2
8f13116d46a7097e14ef971d48d6a203	52	FILE:os:windows|14,UNK:xocry|9,BEH:execdownload|3,CLASS:downloader|3
8f18703c433b5703a7131c1afeacfd74	59	FILE:os:windows|18,FAM:subseven|11,BEH:server|11,CLASS:backdoor|11,FILE:packed|4,BEH:execdownload|2,CLASS:downloader|2
8f44374d587eb1657d25da9628cb2b87	39	FILE:os:windows|14,CLASS:grayware|13,CLASS:grayware:tool|11,FILE:packed|7,UNK:ipcscan|6,UNK:klone|4,UNK:ipccrack|4
8f81373b0f0e6f60206a1a707de2ed77	53	FILE:os:windows|17,BEH:execdownload|6,CLASS:downloader|6,FILE:packed|4,CLASS:grayware|4,CLASS:grayware:adware|3
90171763d1cc62102b08482bac54ea8b	52	FILE:os:windows|12,UNK:whirlpool|11,BEH:server|9,CLASS:backdoor|9,CLASS:grayware|2
90894ac48059687ea80e565f7529e53f	60	FILE:os:windows|19,BEH:server|17,CLASS:backdoor|17,UNK:bo2k|15,UNK:orifice|2
911a97737bd26e2a478f52e74b4fa01d	54	UNK:winshell|19,FILE:os:windows|16,BEH:server|16,CLASS:backdoor|16
911e63e28b1d177120cca16eacf3b602	58	BEH:server|20,CLASS:backdoor|20,UNK:wollf|18,FILE:os:windows|17
911e96073cfe807289366343aa8d97ac	57	FILE:os:windows|15,FILE:proglang:delphi|10,BEH:server|9,CLASS:backdoor|9,FILE:packed|4,FILE:packed:pespin|2,BEH:infosteal|2,CLASS:grayware|2
9185538b01ad700603f38fb0eb8b6e3b	57	FILE:os:windows|13,FAM:spyeye|6,CLASS:spyware|5,FAM:zbot|4,UNK:spysweep|2,UNK:noupack|2,FAM:eyestye|2
91b2d216c5d26d9db4289acf68fa1743	37	BEH:server|15,CLASS:backdoor|15,FILE:os:windows|12,UNK:motivftp|12,UNK:motiv|2,UNK:invisibleftp|2
91c02a95839a76a5d2e335cded7112a9	60	UNK:wollf|22,FILE:os:windows|18,BEH:server|17,CLASS:backdoor|17,UNK:sfbbg|2,BEH:execdownload|2,CLASS:downloader|2,UNK:213c|2
92ea873a2bbdaf0799d572bc4f30dc79	59	FILE:os:windows|18,FILE:small|12,BEH:server|10,CLASS:backdoor|10,UNK:porlist|2,UNK:kt0o|2,UNK:basic|2
92f7f9495ffd56d05a5acf395c9e0097	30	FILE:os:windows|11,CLASS:grayware|8,CLASS:grayware:tool|7,FILE:proglang:delphi|7,BEH:inject|2
94ccd337cbdd4efbbcc0a6c888abb87d	53	FILE:os:windows|16,UNK:augudor|16,BEH:server|13,CLASS:backdoor|13,FILE:packed|3,UNK:kowbay69whfb|2,UNK:killer|2,UNK:augudoor|2
94d1b2510bf96fa6190cd65876bf4c38	59	FILE:os:windows|19,FAM:subseven|13,BEH:server|13,CLASS:backdoor|13,FILE:packed|2
9576a6a59715a69be499fa41d6383a64	58	FILE:os:windows|17,BEH:server|15,CLASS:backdoor|15,FILE:proglang:delphi|3,UNK:sfydg|2,FAM:malex|2,BEH:execdownload|2,CLASS:downloader|2,UNK:apofis|2,UNK:5e18d64f|2
9603420a004d9559e610ddeb9d94e20a	61	FILE:os:windows|21,FAM:hupigon|16,BEH:server|13,CLASS:backdoor|13,FILE:packed|3,CLASS:grayware|2
961fa85207cdc4ef86a076bbff07a409	67	CLASS:ransomware|30,BEH:filecrypt|30,FILE:os:windows|21,UNK:bluesky|11,FAM:conti|8,FILE:packed|3,CLASS:grayware|2
96de05212b30ec85d4cf03386c1b84af	67	CLASS:ransomware|27,BEH:filecrypt|27,FILE:os:windows|21,FAM:lockbit|18
96f5cdfa5b3416c819d76060f11dc88d	56	FILE:os:windows|19,BEH:server|14,UNK:psychward|14,CLASS:backdoor|14,BEH:irc|4,CLASS:bot|4,CLASS:grayware|3
9729e9fc004ea49d3c2ddee28736dae3	56	UNK:zombam|25,BEH:server|17,CLASS:backdoor|17,FILE:os:windows|16,UNK:httprat|2,CLASS:grayware|2
979635229dfcfae1aae74ae296ec78c8	59	CLASS:ransomware|29,BEH:filecrypt|29,FAM:revil|25,FILE:os:windows|20,FILE:packed|2
982479ad10ff048d566516254051e17e	54	FILE:os:windows|12,BEH:inject|5,FILE:packed|2,CLASS:grayware|2,UNK:cmke|2
9919c1e86a750dd6d4f0d2a851af29ea	58	UNK:adverbot|23,BEH:server|19,CLASS:backdoor|19,FILE:os:windows|18,CLASS:grayware|3
991c1f02c809cee860cb712896a45338	60	FILE:os:windows|18,BEH:server|12,CLASS:backdoor|12,CLASS:grayware|9,UNK:netcat|7,CLASS:grayware:tool|6,CLASS:grayware:tool:remoteadmin|3
998022b70d83c6de68e5bdf94e0f8d71	61	CLASS:ransomware|23,BEH:filecrypt|23,FILE:os:windows|17,UNK:blackbasta|11,FAM:delshad|3,UNK:bastacrypt|3,UNK:basta|2
99b4428521fa9d9da18e0ccd79e5b985	56	BEH:server|12,UNK:bionet|12,CLASS:backdoor|12,FILE:os:windows|11,UNK:keyhook|3
99e55ce93392068c970384ab24a0e13d	65	CLASS:ransomware|28,BEH:filecrypt|28,FILE:os:windows|20,FAM:conti|18,BEH:killproc:killsectool|4,BEH:killproc|4,UNK:ransomheur|2
9a8150938bff3a17fa0169c3dc6dae85	39	UNK:loselove|18,FILE:os:windows|16,BEH:server|15,CLASS:backdoor|15,CLASS:grayware|3
9acdbfc9f7c1f6e589485b30aa91bfd2	41	FILE:os:windows|10,BEH:server|9,CLASS:backdoor|9,FILE:proglang:delphi|8,CLASS:grayware|2,UNK:firefly|2,BEH:execdownload|2,CLASS:downloader|2
9adffcc98cd658a7f9c5419480013f72	61	FILE:os:windows|18,BEH:server|15,CLASS:backdoor|15,UNK:latinus|13,FAM:antilam|3,BEH:killproc:killsectool|2,BEH:killproc|2
9b12ff6b8b025e7fb0a171abad41c79c	61	UNK:psychward|19,FILE:os:windows|18,BEH:server|18,CLASS:backdoor|18,BEH:irc|3,CLASS:grayware|3,CLASS:bot|3
9c23dad9ba11305fecf38bed46b0cec2	58	FILE:os:windows|16,BEH:server|14,CLASS:backdoor|14,FAM:nuclear|11,CLASS:grayware|2
9cec5a23887f0c73148ab3ea147a6fa4	66	FILE:os:windows|19,UNK:bnlite|19,BEH:server|17,CLASS:backdoor|17,UNK:bionet|2
9d18d318e017b513b9c6cd193ccdc6ff	47	FILE:os:windows|12,UNK:tscash|11,BEH:dials|3,CLASS:dialer|3,CLASS:worm|2,BEH:selfpropagate|2,CLASS:grayware|2,FAM:gamarue|2,BEH:browsermodify|2
9d296ebd6b4f79457fcc61e38dcce61e	66	FILE:os:windows|22,BEH:server|15,CLASS:backdoor|15,FAM:darkkomet|10,FAM:pincav|2,FILE:packed|2,BEH:execdownload|2,CLASS:downloader|2,FILE:proglang:delphi|2
9d7be3799594a82bf7056905f501af03	55	BEH:server|18,FAM:ketch|18,CLASS:backdoor|18,FILE:os:windows|14
9dbb6d56bc9a7813305883acd0f9a355	61	BEH:server|21,CLASS:backdoor|21,UNK:moonpie|16,FILE:os:windows|15,UNK:atraps|2
9e1ef166901534c276b5eeeee511fe22	58	FILE:os:windows|16,FAM:bifrose|16,CLASS:grayware|4,UNK:constructor|4,BEH:server|3,CLASS:backdoor|3,CLASS:grayware:tool|2,CLASS:rogueware|2,BEH:alertuser|2
9e22514c9b0e74c7fcb07b7c091f6123	59	FILE:os:windows|17,BEH:server|16,CLASS:backdoor|16,UNK:psychward|14,FAM:redcap|2,UNK:psychwar|2,FILE:packed|2
9e44c10307aa8194753896ecf8102167	50	FILE:os:windows|11,BEH:keylogging|6,CLASS:keylogger|6,CLASS:spyware|4,FILE:msil|4,FAM:skeeyah|2
9e4f942c60044feef0fb48538ffac383	71	FAM:bifrose|26,FILE:os:windows|24,BEH:server|17,CLASS:backdoor|17,FILE:packed|4,CLASS:grayware|2,BEH:execdownload|2,CLASS:downloader|2,FILE:proglang:delphi|2
9eb9197cd58f4417a27621c4e1b25a71	66	CLASS:ransomware|28,BEH:filecrypt|28,FILE:os:windows|20,FAM:conti|18,BEH:killproc:killsectool|3,BEH:killproc|3,UNK:ransomheur|2
9ede6951ea527f96a785c5e32b5079e6	41	BEH:server|21,CLASS:backdoor|21,UNK:kilo|19,FILE:os:windows|15
9f11868c3beaa8e2c1f5c193f5888b85	54	FILE:os:windows|17,BEH:server|17,CLASS:backdoor|17,FILE:small|14,UNK:minimal|2,BEH:execdownload|2,CLASS:downloader|2
9f178de7f9918288d93ac0f065f0aa2f	47	FILE:os:windows|10,UNK:anaptix|4,UNK:doina|2
9f39606d9e19771af5acc6811ccf557f	52	FILE:os:windows|16,UNK:ninjaspy|7,BEH:server|6,CLASS:backdoor|6,BEH:execdownload|3,CLASS:downloader|3,BEH:infosteal|2,FILE:proglang:delphi|2
9f80c3b1e7f5f6f7d0c8aea25fe83551	58	FILE:os:windows|15,UNK:sharer|7,FILE:packed|2,FILE:exploit|2,BEH:execdownload|2,CLASS:downloader|2,FILE:proglang:delphi|2
9f87546e667e5af59a8580ddf7fd43c7	60	FILE:os:windows|18,BEH:server|15,CLASS:backdoor|15,UNK:lanfiltrator|10,BEH:killproc:killsectool|5,BEH:killproc|5,UNK:lanfilt|4,CLASS:grayware|3,BEH:execdownload|2,CLASS:downloader|2
9fa664bc52e1aa46a09ac51aaa6c7384	54	FILE:os:windows|18,FILE:small|13,BEH:server|10,CLASS:backdoor|10,CLASS:grayware|2,FAM:elzob|2
9fff4c02274c0162880844f27ff91407	52	FILE:os:windows|12,FILE:proglang:autoit|9,FILE:packed|4,FAM:nanocore|4,BEH:inject|3,BEH:server|2,CLASS:grayware|2,CLASS:backdoor|2
a0479e18283ed46e8908767dd0b40f8f	56	FILE:os:windows|16,FAM:ipamor|6,FILE:packed|5,CLASS:virus|4,BEH:filemodify|4,FAM:daws|3,UNK:iparmor|2,CLASS:grayware|2,BEH:execdownload|2,CLASS:downloader|2
a0edb91f62c8c083ec35b32a922168d1	61	FILE:os:windows|20,BEH:server|16,CLASS:backdoor|16,UNK:whisper|12,BEH:irc|4,CLASS:bot|4,FAM:sdbot|2,CLASS:grayware|2
a1d045151c809535a308311931588fd0	57	UNK:fantador|19,BEH:server|18,CLASS:backdoor|18,FILE:os:windows|17,CLASS:grayware|2
a2017b547da2f06c6d7c02398cc481f6	50	FILE:os:windows|14
a229acff4e0605ad24eaf3d9c44fdb1b	63	FILE:os:windows|19,BEH:server|12,CLASS:backdoor|12,FAM:darkkomet|8,UNK:siscos|3,FILE:packed|3,FILE:proglang:delphi|3,BEH:inject|2,UNK:curioso|2
a2f1adfd7a35fd0e0207a24be169b4c1	50	FILE:os:windows|13,BEH:server|11,CLASS:backdoor|11,UNK:singu|10,FILE:proglang:delphi|6,BEH:execdownload|3,CLASS:downloader|3
a344b767d58b6c83b92bb868727e021c	59	FAM:hupigon|17,FILE:os:windows|16,BEH:server|12,CLASS:backdoor|12,FILE:packed|2
a41431099989b44359273216072f8295	63	FILE:os:windows|20,BEH:server|13,CLASS:backdoor|13,FAM:darkkomet|10,UNK:siscos|5,FILE:proglang:delphi|5,BEH:execdownload|2,CLASS:downloader|2
a4212f23e1cc3bb34b0dfe15b2ad323e	59	FILE:os:windows|19,UNK:zombam|16,BEH:server|15,CLASS:backdoor|15,FILE:packed|2,CLASS:grayware|2
a4ea99b54e171274795f14a4ac7f17ba	45	FILE:os:windows|13,FILE:proglang:delphi|9,CLASS:grayware|3,BEH:infosteal|2,BEH:execdownload|2,CLASS:downloader|2,CLASS:grayware:adware|2
a53351e8fa0cb4f7db3d0250387a0e4f	58	FILE:os:windows|23,FAM:antilam|19,BEH:server|13,CLASS:backdoor|13,FILE:proglang:delphi|2
a6437375fff871dff97dc91c8fd6259f	61	FILE:os:windows|19,FAM:subseven|18,BEH:server|16,CLASS:backdoor|16
a6916fb9b824e3d2edfe46be69ca2501	54	FILE:os:windows|14,FILE:packed|3,BEH:inject|3,UNK:spysweep|2,UNK:malat|2,CLASS:grayware|2
a7ce38e60cf08f2b234f34043b87e701	50	FILE:os:windows|9,UNK:silentspy|9,BEH:server|7,CLASS:backdoor|7,CLASS:spyware|2,BEH:execdownload|2,CLASS:downloader|2
a83989d36f3b443a757eef1c99f1a373	48	UNK:asylum|17,BEH:server|12,CLASS:backdoor|12,FILE:os:windows|11,UNK:asylm|2
a8818da39c7d36d9b5497d1a875798b8	62	FILE:os:windows|19,UNK:bnlite|15,BEH:server|12,CLASS:backdoor|12,UNK:bionet|2
a8bb1744bedf43849ed808b7dfa32da4	55	FILE:os:windows|15,BEH:server|14,CLASS:backdoor|14,UNK:aphexdoor|14,UNK:litesock|3
a8fc1b3f7a605dc06a319bf0e14ca68b	54	UNK:cafeini|18,FILE:os:windows|16,BEH:server|14,CLASS:backdoor|14,CLASS:grayware|2
a98cdaa89da57bf269873db63e22a939	47	FILE:os:windows|12,UNK:sidex|9,CLASS:worm|8,BEH:selfpropagate|8,BEH:server|5,CLASS:backdoor|5,BEH:spam|2,FILE:packed|2,FAM:optix|2,CLASS:grayware|2,BEH:execdownload|2,CLASS:downloader|2
aa703bc17e3177d3b24a57c5d2a91a0c	65	FILE:os:windows|23,UNK:kipis|22,CLASS:worm|19,BEH:selfpropagate|19,BEH:spam|3,CLASS:grayware|2,UNK:dasha|2
aabb54951546132e70a8e9f02bf8b5ba	54	FILE:os:windows|12,FILE:packed|8,FILE:packed:enigmaprotector|5,BEH:server|4,CLASS:backdoor|4,UNK:lokirat|3,FAM:sdbot|2,CLASS:grayware|2
ab1aaa8f96c61684736da00ece5a9c83	57	CLASS:ransomware|18,BEH:filecrypt|18,FILE:os:windows|17,FAM:revil|15,FILE:packed|4,FAM:redcap|2,BEH:inject|2,FAM:bulz|2
ab96d7f9e008a0774239be6be0c8e7bb	59	FILE:os:windows|16,FAM:prorat|13,BEH:server|10,CLASS:backdoor|10,CLASS:grayware|3,FILE:packed|2,FAM:ldpinch|2,BEH:execdownload|2,CLASS:downloader|2
abc6a590d237b8ee180638007f67089e	50	UNK:bo2k|17,FILE:os:windows|16,BEH:server|15,CLASS:backdoor|15,UNK:orifice|3,CLASS:grayware|3,UNK:orifice2k|2
acfce60da9031e00c22818f2616d6424	56	FILE:os:windows|15,BEH:inject|9,FILE:proglang:visualbasic|3,FILE:proglang:visualbasic:vbscript|3,CLASS:grayware|3,CLASS:grayware:tool|2,BEH:execdownload|2,CLASS:downloader|2,UNK:dmcu|2
ad5c01b3e6d0254adfe0898c6d16f927	52	FILE:os:windows|14,UNK:netcat|7,CLASS:grayware|7,CLASS:grayware:tool|6,BEH:server|6,CLASS:backdoor|6,CLASS:grayware:tool:remoteadmin|4
ae062bfe4abd59ac1b9be693fbc45f60	43	FILE:os:windows|13,FAM:gofot|11
ae4a409d217bbd538009fbbb5457e754	55	FILE:os:windows|13,BEH:execdownload|12,CLASS:downloader|12,BEH:server|2,FAM:schwarzesonne|2,BEH:inject|2,CLASS:backdoor|2
ae4c226ad974c990391217f31db2a209	60	FILE:os:windows|17,BEH:server|11,FAM:hupigon|11,CLASS:backdoor|11,FILE:packed|3
ae99e6a451bc53830be799379f5c1104	55	CLASS:ransomware|20,BEH:filecrypt|20,FILE:os:windows|15,FAM:cerber|10,FAM:sabsik|2,FAM:lockergoga|2,UNK:cerberransom|2
aef85cf0d521eaa6aade11f95ea07ebe	64	FILE:os:windows|19,UNK:oblivion|16,BEH:server|15,CLASS:backdoor|15,BEH:execdownload|4,CLASS:downloader|4,UNK:oblibion|2
af207a19fbe313e3f7e123b6b2acffd4	54	FILE:os:windows|18,BEH:execdownload|7,CLASS:downloader|7,UNK:scrop|4,BEH:server|3,FILE:packed|3,BEH:inject|3,CLASS:backdoor|3,FAM:gamarue|2
af4868303124ee4f765a16328e8993a6	61	FAM:ranky|21,FILE:os:windows|17,BEH:proxy|12
af7001c2d6284a1295638576bc138cb2	55	FILE:os:windows|18,UNK:cabrotor|18,BEH:server|17,CLASS:backdoor|17
afe4e5219829a286e0b84025b073c259	58	FILE:os:windows|17,UNK:hamer|10,BEH:execdownload|9,CLASS:downloader|9,CLASS:grayware|3,UNK:gjskbg|2,FILE:proglang:delphi|2,UNK:4c20e3c|2
aff493ed1f98ed05c360b462192d2853	19	FILE:os:windows|9,CLASS:grayware|3
b012704cad2bae6edbd23135394b9127	39	BEH:server|20,CLASS:backdoor|20,UNK:autospy|18,FILE:os:windows|13
b02cc578d2e7f24fb67ec0afc42a9e13	52	FILE:os:windows|15,FILE:proglang:delphi|11,BEH:execdownload|9,CLASS:downloader|9,UNK:wingate|3,BEH:server|3,CLASS:backdoor|3,CLASS:grayware|2,UNK:backgate|2
b125a9a083447ad7d437e3e7f3ed5325	54	UNK:wollf|18,FILE:os:windows|16,BEH:server|13,CLASS:backdoor|13,UNK:wolf|2
b1cec4b806c71c82bbd9002bdaf21d1f	58	FILE:os:windows|19,UNK:surila|19,BEH:server|11,CLASS:backdoor|11,CLASS:worm|4,BEH:selfpropagate|4,UNK:multex|3,FILE:packed|2,BEH:execdownload|2,CLASS:downloader|2
b24c56abb4bde960c2d51d4e509d2c68	41	UNK:cafeini|21,BEH:server|16,CLASS:backdoor|16,FILE:os:windows|14
b297c565899ace88f40e5da833f41561	57	FILE:os:windows|19,UNK:tonerok|15,BEH:server|10,CLASS:backdoor|10,FILE:small|3,UNK:tofger|2,BEH:infosteal|2,CLASS:grayware|2,BEH:execdownload|2,CLASS:downloader|2
b3b19524967d22d6eb7517b03b660b00	43	FILE:os:windows|12,BEH:server|9,CLASS:backdoor|9,FILE:proglang:delphi|8
b4638a10f7cfdbf39b9fef7539c63852	39	FILE:os:windows|14,CLASS:worm|6,BEH:selfpropagate|6,FAM:cosmu|6,BEH:execdownload|5,CLASS:downloader|5,BEH:autorun|4,FAM:vobfus|2,UNK:besverit|2
b485c36f28c5c967a50001c9e8d2c29c	64	FILE:os:windows|19,CLASS:ransomware|17,BEH:filecrypt|17,FAM:conti|6,FAM:delshad|4,FILE:packed|3,UNK:amnesiae|2
b4a35ae6dcceea6390769829b4e1506f	59	FILE:os:windows|17,BEH:server|10,CLASS:backdoor|10,FAM:darkkomet|7,UNK:siscos|6,FILE:packed|3,FILE:proglang:delphi|3
b6bfdfe91c3e37865b6a269dc9ff9302	63	FILE:os:windows|27,FAM:ipamor|27,CLASS:virus|15,BEH:filemodify|15
b83836d7e6b0893e08d88a7850ca84ee	55	FILE:os:windows|16,BEH:server|15,CLASS:backdoor|15,UNK:migbot|2,UNK:genmaliciousa|2
b85ae73dbbfff1d3b90cb7c78356f2a3	60	FILE:os:windows|18,CLASS:miner|14,BEH:mining|12,CLASS:grayware|4,BEH:execdownload|4,CLASS:downloader|4,BEH:mining:bitcoinmining|2,CLASS:miner:bitcoinminer|2
b8e1e5b832e5947f41fd6ae6ef6d09a1	57	FILE:os:windows|16,FAM:sekur|7,FILE:packed|3,CLASS:grayware|2,FAM:fugrafa|2,FILE:proglang:delphi|2
ba815d409cd714c0eac010b5970f6408	57	FILE:os:windows|16,BEH:server|15,UNK:onalf|15,CLASS:backdoor|15,BEH:spam|2,CLASS:grayware|2,UNK:ac1x8uf|2
baf102927947289e4d589028620ce291	54	FAM:reline|15,FILE:os:windows|9,FILE:msil|9,BEH:infosteal|5,CLASS:spyware|3,FAM:msilheracles|3
bb309bdd071d5733efefe940a89fcbe8	28	UNK:redkod|12,BEH:server|11,CLASS:backdoor|11,FILE:os:windows|10
bba63df41adcf2cf80c74e4a62539d44	58	FILE:os:windows|16,BEH:server|8,BEH:execdownload|8,CLASS:downloader|8,CLASS:backdoor|8,UNK:fedripto|4
bbf032a3aa288f02403295f0472d1f05	63	FAM:ipamor|28,FILE:os:windows|25,CLASS:virus|15,BEH:filemodify|15
bc2ccf92bea475f828dcdcb1c8f6cc92	52	FILE:msil|11,FILE:os:windows|8,UNK:lazy|2
bc6f4a283b6b8308c60bb70cc81edfd8	59	FAM:fasong|23,FILE:os:windows|21,CLASS:worm|15,BEH:selfpropagate|15,BEH:execdownload|2,CLASS:downloader|2,FILE:proglang:delphi|2
bc7f4c4689f1b8ad395404d1e75c776f	64	FAM:subseven|26,FILE:os:windows|22,BEH:server|20,CLASS:backdoor|20,FILE:proglang:delphi|2
bcad7aa6cb6cb9d94377cd88acbca1c9	37	UNK:busan|12,FILE:os:windows|11,CLASS:worm|10,BEH:selfpropagate|10,CLASS:grayware|2
bcf45d515f2a0c6ead1e44ea6371276b	62	FAM:hupigon|20,FILE:os:windows|19,BEH:server|15,CLASS:backdoor|15,FILE:packed|3
bcfc89ca07bd0ad7b9396a0815c9fc39	60	FILE:os:windows|17,UNK:psychward|17,BEH:server|15,CLASS:backdoor|15,BEH:irc|4,CLASS:bot|4
bdcaed5042eba30f91b093f0bcb3caf3	53	FILE:os:windows|15,FILE:packed|6,FAM:zbot|3,UNK:nedsym|3,UNK:ulpm|2
be4a6274679ca966a1d99140db54c25a	57	FILE:os:windows|14,BEH:server|11,FILE:proglang:delphi|11,CLASS:backdoor|11,BEH:execdownload|3,CLASS:downloader|3,BEH:killproc:killsectool|2,BEH:killproc|2,UNK:killer|2
be559307f5cd055f123a637b1135c8d3	60	UNK:bionet|20,FILE:os:windows|17,BEH:server|17,CLASS:backdoor|17,CLASS:grayware|2
be60e389a0108b2871dff12dfbb542ac	65	CLASS:ransomware|24,BEH:filecrypt|24,FILE:os:windows|18,FAM:thanos|14,FILE:msil|6,FAM:delshad|3
be74cbb86c007309d8004d910f5270f7	60	FILE:os:windows|18,FAM:hupigon|13,BEH:server|11,CLASS:backdoor|11,FILE:packed|3,FAM:graybird|2
bf0682b674ef23cf8ba0deeaf546f422	53	UNK:whirlpool|17,BEH:server|16,CLASS:backdoor|16,FILE:os:windows|15,CLASS:grayware|3
bf1b1a2f4be78d6b62ed7c316c77a9a1	56	FILE:os:windows|16,BEH:server|12,CLASS:backdoor|12,UNK:augudor|10,UNK:starter|6,BEH:execdownload|3,CLASS:downloader|3,FILE:packed|2
bf2417bf23a3b7ae2e44676882b4b9dd	66	FILE:os:windows|21,BEH:server|12,CLASS:backdoor|12,FAM:yoddos|6,BEH:execdownload|5,CLASS:downloader|5,CLASS:grayware|2,FAM:darkshell|2
bf60f5b5c901bab08484838447f1b85e	59	FILE:os:windows|15,FAM:gamarue|15,BEH:server|8,CLASS:backdoor|8,FILE:packed|5,CLASS:worm|3,BEH:selfpropagate|3,BEH:execdownload|3,CLASS:downloader|3,FAM:zbot|2,UNK:lazy|2
bffc519fbaf2d119bd307cd22368cdc7	55	FILE:os:windows|14,UNK:symbab|10,BEH:proxy|10,FILE:packed|2,UNK:easysearch|2
c0d6a2f0b34d9c44ca3433e4d45f187e	56	FILE:os:windows|13,BEH:proxy|11,FILE:small|8,FAM:ranky|8,BEH:server|3,CLASS:backdoor|3,CLASS:grayware|2,UNK:awsycvi|2
c16b04a9879896ef453a6deb13528087	54	FILE:os:windows|16,UNK:chubo|16,BEH:server|13,CLASS:backdoor|13,UNK:remoconchubo|2,CLASS:grayware|2
c1e92e04cdb432d83ea2610ef226d4cd	52	FILE:os:windows|14,BEH:server|10,CLASS:backdoor|10,CLASS:grayware|7,UNK:netcat|4,CLASS:grayware:tool|3,FAM:agobot|3
c25393545e5ead3a35996ef9a887bd34	49	UNK:kwak|20,BEH:server|19,CLASS:backdoor|19,FILE:os:windows|18,CLASS:grayware|3
c38cd09fd5ebd1f0cc378804b2da08c4	59	BEH:server|20,CLASS:backdoor|20,FILE:os:windows|19,FAM:hupigon|18,FILE:proglang:delphi|3
c3e2bbe5dca96687422f2b4e8c80f4ce	51	FAM:acropolis|17,FILE:os:windows|13,BEH:server|12,CLASS:backdoor|12,UNK:gjsirtfmkbg|2,UNK:1dc36a6f|2
c44a9580e17bad0aa27329e51b7d0ae0	41	FAM:wapomi|22,FILE:os:windows|18,CLASS:virus|9,BEH:filemodify|9,CLASS:worm|2,BEH:selfpropagate|2,BEH:autorun|2
c4cc1317aea42f7dd4a1b786c5278a24	54	FILE:os:windows|11,FILE:packed|9,FILE:msil|7,BEH:execdownload|3,CLASS:downloader|3,UNK:netshrink|2,FAM:mint|2
c58d5aecd223ac95ae5fab6dcd69e953	51	FILE:os:windows|16,BEH:server|4,CLASS:backdoor|4,UNK:huceqoo|3
c60f00700bd73ca369195bd32a3f16a3	64	FILE:os:windows|21,BEH:inject|6,BEH:server|5,CLASS:backdoor|5,CLASS:worm|4,BEH:selfpropagate|4,FAM:ruskill|4,FAM:lethic|3,FAM:vobfus|2,BEH:irc|2,BEH:execdownload|2,CLASS:downloader|2,CLASS:bot|2,FAM:bifrose|2,BEH:autorun|2
c61733c6bcbbb11cee634e0a3fd672e9	62	FILE:small|21,FILE:os:windows|20,BEH:server|20,CLASS:backdoor|20,UNK:fragtor|2,UNK:cmdoor|2
c6ba7fcb9eb9bdd7e081e2e84e784dcb	58	FILE:os:windows|18,BEH:server|12,CLASS:backdoor|12,CLASS:worm|2,UNK:skolpfbacbpk|2,BEH:selfpropagate|2
c6c81e8ba0a7b9da6216a78dfeccec8d	52	FILE:os:windows|18,BEH:server|15,CLASS:backdoor|15,UNK:winterlove|14,CLASS:grayware|2
c7763bae3376a9f2865a1a18e84c259e	58	FILE:os:windows|16,BEH:server|6,CLASS:backdoor|6,FILE:packed|2,BEH:execdownload|2,CLASS:downloader|2
c790749f851d48e66e7d59cc2e451956	58	FILE:os:windows|18,UNK:destrukor|15,BEH:server|14,CLASS:backdoor|14,BEH:keylogging|2,CLASS:keylogger|2,BEH:execdownload|2,CLASS:downloader|2,UNK:destructor|2
c7aabf5d248c6974b4cea6c070d6d441	54	UNK:singu|21,FILE:os:windows|18,BEH:server|15,CLASS:backdoor|15,UNK:last|2
c806d23f4343ab40cf897e9c38b5c1c3	57	FILE:os:windows|15,BEH:server|14,CLASS:backdoor|14,UNK:backattack|10,UNK:backlogger|2,UNK:backatt|2
c8f55ce7bbec784a97d7bfc6d7b1931f	58	FILE:os:windows|17,BEH:server|17,CLASS:backdoor|17,FAM:hupigon|12,FAM:graybird|6,CLASS:grayware|3
c9291c93fce757a665352567ca13ec3f	54	FILE:os:windows|14,CLASS:grayware|10,UNK:muzzer|9,CLASS:grayware:tool|8,UNK:solvina|2
c971e978198331bb0b56dc8b47f0b4b0	44	CLASS:grayware|11,FILE:os:windows|10,CLASS:grayware:tool|8,UNK:afix|7,UNK:oscope|2
c98e23742807f3cb5a095f34e0eb0e52	59	FILE:os:windows|18,UNK:winshell|17,BEH:server|16,CLASS:backdoor|16,BEH:execdownload|2,CLASS:downloader|2
c9bf7216cdc2673bf4ee2af8b19bcfc8	60	CLASS:ransomware|23,BEH:filecrypt|23,FAM:revil|20,FILE:os:windows|19,FILE:packed|4
ca18a07560efa0308827dc972351301f	55	FILE:os:windows|19,UNK:trance|17,CLASS:worm|15,BEH:selfpropagate|15,BEH:spam|3,BEH:execdownload|2,CLASS:downloader|2
ca294b2f778abc14fef6313b3cea7155	47	FILE:msil|9,FILE:os:windows|7,FILE:packed|3,UNK:coins|3,FAM:polazert|2,CLASS:grayware|2,BEH:execdownload|2,CLASS:downloader|2
ca40998b5d62ee7f936537ff3de7993d	63	FILE:os:windows|21,BEH:server|14,CLASS:backdoor|14,FAM:darkkomet|6,FILE:packed|3,BEH:execdownload|2,CLASS:downloader|2,FILE:proglang:delphi|2
ca4e5a6ff033b62fa59de5a5dd24c7f9	51	BEH:server|22,CLASS:backdoor|22,UNK:bo2k|16,FILE:os:windows|15,CLASS:grayware|4,UNK:psyconf|3,UNK:moses|3,CLASS:grayware:tool|2
ca80897ee064ab9af5907344b316a247	58	UNK:noknok|24,BEH:server|22,CLASS:backdoor|22,FILE:os:windows|18,CLASS:grayware|2
caf26a74ca39662e2c3d37e55a242daf	56	UNK:zetronic|17,BEH:server|17,CLASS:backdoor|17,FILE:os:windows|15,CLASS:grayware|2
cb02d2f323db18d7415dca47bceab9db	53	FILE:os:windows|16,UNK:spion|15,BEH:server|14,CLASS:backdoor|14,CLASS:grayware|2
cc3670f1b3e60e00b43c86d787563a44	22	FILE:os:windows|6,BEH:server|6,FAM:orcus|6,CLASS:backdoor|6,FAM:redcap|2,FILE:msil|2,CLASS:grayware|2
ccd3e54eb76b3349db57481a0fe68b35	61	UNK:wollf|24,FILE:os:windows|21,BEH:server|21,CLASS:backdoor|21,CLASS:grayware|2
cd88a9b686acd9ccf23dba8d248129b4	63	FILE:os:windows|19,UNK:sircam|12,CLASS:worm|10,BEH:selfpropagate|10,FILE:proglang:visualbasic|3,FILE:packed|3,CLASS:grayware|2
ce1963d3fd6a8e1383aac40a1f1c4107	60	FILE:os:windows|18,BEH:server|9,CLASS:backdoor|9,CLASS:grayware|4,UNK:ehks|3,UNK:netdevil|2,FAM:hupigon|2,BEH:execdownload|2,UNK:erazer|2,CLASS:downloader|2
cedc886b593f013133df39bb6b43a762	59	UNK:zdemon|19,FILE:os:windows|19,BEH:server|16,CLASS:backdoor|16,BEH:killproc:killsectool|2,BEH:killproc|2,BEH:execdownload|2,CLASS:downloader|2
cf3c08afa6c2d49ba36ed0f895893d71	56	FILE:os:windows|14,BEH:server|13,CLASS:backdoor|13,FILE:proglang:delphi|11
d069738f18957117367b8a79195a6a96	55	BEH:server|18,UNK:psychward|18,CLASS:backdoor|18,FILE:os:windows|17,BEH:irc|6,CLASS:bot|6,CLASS:grayware|3
d0fd60516d53b2ad602c460351dbaa85	59	UNK:wollf|23,FILE:os:windows|19,BEH:server|19,CLASS:backdoor|19,UNK:wolf|4
d12f38e959d70af76fd263aa1933033c	59	FILE:os:windows|18,BEH:server|12,CLASS:backdoor|12,UNK:zdemon|11,UNK:sillybackdoor|2,BEH:killproc:killsectool|2,BEH:killproc|2,BEH:execdownload|2,CLASS:downloader|2
d1791ca15c5df6f8f5d007518efd65b6	58	FILE:os:windows|17,CLASS:worm|13,BEH:selfpropagate|13,UNK:francette|9,UNK:tumbi|5,FILE:exploit|2
d2b933ebadd5c808ca4c68ae173e2d62	60	FILE:os:windows|19,BEH:server|14,CLASS:backdoor|14,UNK:ssppyy|3,CLASS:grayware|3,CLASS:spyware|2
d2ee6046fd47de321d1310dccacca92b	66	FILE:os:windows|21,BEH:server|12,CLASS:backdoor|12,FAM:darkkomet|9,UNK:siscos|5,FILE:proglang:delphi|4,FILE:packed|2,BEH:execdownload|2,CLASS:downloader|2
d4ac133a9df0c627f899bb6039d04215	61	FILE:os:windows|17,BEH:inject|13,BEH:execdownload|8,CLASS:downloader|8,FAM:zbot|2,CLASS:grayware|2,FAM:dorkbot|2
d5256768a01a0e7c2ad5ba1264777f71	59	FILE:os:windows|17,FILE:proglang:delphi|14,BEH:server|12,CLASS:backdoor|11,BEH:keylogging|2,CLASS:keylogger|2,BEH:execdownload|2,CLASS:downloader|2
d57536189430fd75e45f53845e9b3f94	62	FILE:os:windows|24,BEH:server|10,CLASS:backdoor|10,BEH:execdownload|6,CLASS:downloader|6,FAM:hupigon|3,FILE:packed|2,FAM:onlinegames|2,CLASS:grayware|2,BEH:infosteal:gamethief|2,UNK:binder|2,UNK:beizhu|2
d58b1c2f540268bd9dd920455568d45f	53	FILE:os:windows|11,FILE:proglang:autoit|10,FILE:packed|3,BEH:inject|3,BEH:infosteal|3
d6751b148461e0f863548be84020b879	50	FILE:os:windows|12,BEH:execdownload|12,CLASS:downloader|12,FILE:proglang:autoit|7,FAM:sednit|4,BEH:jswebinject|2
d6aff119c03ff378d386b30b36b07a69	58	FILE:os:windows|20,FAM:bifrose|9,BEH:server|8,CLASS:backdoor|8,BEH:execdownload|4,CLASS:downloader|4,CLASS:grayware|3,FILE:proglang:visualbasic|2,CLASS:grayware:tool|2,FILE:packed|2,BEH:inject|2
d6b192a4027c7d635499133ca6ce067f	49	UNK:jeemp|20,FILE:os:windows|13,BEH:server|13,CLASS:backdoor|13,UNK:jeem|2,CLASS:grayware|2
d6c930e0ac1df934151d1890f6441fe2	57	FILE:os:windows|17,FILE:proglang:visualbasic|7,BEH:inject|6,FAM:darkkomet|6,BEH:server|5,CLASS:backdoor|5,FILE:packed|4,BEH:execdownload|2,CLASS:downloader|2
d724feed69ec7b624e4e178ad6579cfb	50	FILE:os:windows|13,BEH:server|12,CLASS:backdoor|12,UNK:skrat|9,CLASS:grayware|3,FILE:packed|2,BEH:execdownload|2,CLASS:downloader|2,FAM:buzus|2
d7648b676dd139d1b7ba781816726510	59	FILE:os:windows|18,FAM:hupigon|16,BEH:server|14,CLASS:backdoor|14,FILE:packed|4,FAM:graybird|3,UNK:klone|2
d859ba54086fd0313dc34b73b5b1eccb	57	FILE:os:windows|18,BEH:killproc:killsectool|4,BEH:killproc|4,FILE:small|3,BEH:server|3,FILE:packed|3,CLASS:grayware|3,BEH:execdownload|3,CLASS:downloader|3,CLASS:backdoor|3
d871836f77076eeed87eb0078c1911c7	52	FILE:os:windows|16,FILE:proglang:autoit|5,FILE:packed|2,BEH:jswebinject|2
d891c9374ccb2a4cae2274170e8644d8	60	FILE:os:windows|18,UNK:darkneuron|18,FAM:turla|3,UNK:tedy|2,BEH:server|2,FAM:neuron|2,CLASS:backdoor|2
d9542df20f8df457747451dd9e16d1c0	62	FILE:os:windows|23,FAM:hupigon|20,BEH:server|15,CLASS:backdoor|15,BEH:execdownload|2,CLASS:downloader|2,FILE:proglang:delphi|2
d9822984ed546cbf3ccffd149d1d2af5	52	FAM:netbus|25,FILE:os:windows|17,BEH:server|14,CLASS:backdoor|14,CLASS:grayware|2
da60b92742abff72930879fa8560b3c3	56	FILE:os:windows|15,CLASS:grayware|6,UNK:constructor|4,BEH:server|3,CLASS:backdoor|3,CLASS:grayware:tool|2,BEH:proxy|2
daab2c9d58acc367032f32bb8097e310	59	CLASS:ransomware|27,BEH:filecrypt|27,FAM:revil|23,FILE:os:windows|17,FILE:packed|5
db01783710e0c5aff92156a0e76deade	60	FILE:os:windows|17,BEH:execdownload|12,CLASS:downloader|12,UNK:demp|7,FAM:zoxpng|3,BEH:server|2,CLASS:backdoor|2
db0b3f4aeccb8d26f14b915a9e2529b4	56	FILE:os:windows|13,BEH:server|4,CLASS:backdoor|4,BEH:inject|3,BEH:execdownload|3,CLASS:downloader|3,FILE:proglang:autoit|3,FAM:nymeria|2,BEH:infosteal|2,UNK:generickdz|2
db45a906a0a3747398b2b8a5faff5e44	53	FAM:bifrose|22,FILE:os:windows|15,UNK:constructor|7,BEH:server|6,CLASS:backdoor|6,CLASS:grayware|2,FAM:bifrost|2
db9629508fda139f71f625d764c7eff7	55	FILE:os:windows|11,FILE:msil|11,FILE:packed|8,FILE:exploit|3,UNK:njlogger|2,UNK:msilperseus|2,BEH:infosteal|2,UNK:fpsk|2,FILE:packed:confuser|2,FAM:agenttesla|2
dc77b126b205b0f671e505766c607ef1	61	FILE:os:windows|18,FAM:xrat|15,BEH:server|15,CLASS:backdoor|15,FILE:packed|2,CLASS:grayware|2,FAM:dadobra|2
dcbc237f21839a6514c8321d5fa631a4	59	FILE:os:windows|21,BEH:server|8,CLASS:backdoor|7,CLASS:grayware|6,FAM:flystudio|2,BEH:execdownload|2,CLASS:downloader|2,UNK:ccproxy|2,FAM:babar|2
dcc1855744f2d740745f096e4f031143	65	FILE:os:windows|24,CLASS:worm|9,BEH:selfpropagate|9,FAM:palevo|9,FAM:virut|7,BEH:filemodify|6,CLASS:virus|4,FILE:packed|3,BEH:inject|3,CLASS:grayware|3,FILE:proglang:delphi|3,CLASS:grayware:tool|2,BEH:server|2,CLASS:backdoor|2,FAM:azbreg|2
dcc58648868f1d5c0d7c53250f1bd5c9	62	FAM:ranky|21,FILE:os:windows|17,BEH:proxy|14,BEH:server|3,CLASS:backdoor|3
dcf16aed5ad4e0058a6cfcc7593dd9e3	57	UNK:netcat|18,FILE:os:windows|17,BEH:server|16,CLASS:backdoor|16,CLASS:grayware|2
dd76d8a5874bf8bf05279e35c68449ca	40	BEH:server|17,UNK:incommander|17,CLASS:backdoor|17,FILE:os:windows|13,UNK:incomma|2
de25f04dedaffde1be47ef26dc9a8176	65	FILE:os:windows|18,BEH:inject|14,CLASS:ransomware|11,BEH:filecrypt|11,FAM:ctblocker|8,FILE:installer:nsis|2,FILE:installer|2
de613b96174056ef22b42e112d0e61a5	55	FILE:os:windows|18,BEH:keylogging|15,CLASS:keylogger|15,CLASS:spyware|2,CLASS:grayware|2,BEH:execdownload|2,CLASS:downloader|2
de6220a8e8fcbbee9763fb10e0ca23d7	52	BEH:server|16,CLASS:backdoor|16,FILE:os:windows|15,FILE:proglang:delphi|15,CLASS:grayware|2
dec17541412bbc744b9f458862349e34	63	FILE:os:windows|18,BEH:inject|6,UNK:nyara|4,BEH:server|3,FILE:packed|3,CLASS:grayware|3,CLASS:backdoor|3,FILE:proglang:visualbasic|2,UNK:midie|2
dec8f9042986d64e29d62effb482290b	64	FILE:os:windows|20,FAM:prorat|19,BEH:server|14,CLASS:backdoor|14,UNK:proag|2,CLASS:grayware|2,UNK:gjsfmydg|2,UNK:33ef46cc|2
dedad693898bba0e4964e6c9a749d380	61	CLASS:ransomware|18,BEH:filecrypt|18,FAM:thanos|14,FILE:os:windows|13,FILE:msil|10,UNK:haron|2,UNK:basic|2
e087725b01dded75d85a20db58335fa8	46	BEH:server|20,CLASS:backdoor|20,UNK:ptakks|19,FILE:os:windows|15,CLASS:grayware|2
e0f2bee25dd103d92e91e895e313ec34	52	FILE:os:windows|16,BEH:infosteal|13,FAM:banbra|4,CLASS:spyware|3
e184abe44bec183a522d2c66bc3f90e0	63	FILE:os:windows|25,FAM:virlock|21,CLASS:virus|13,BEH:filemodify|13,FILE:packed|4,CLASS:ransomware|2,CLASS:grayware|2,BEH:filecrypt|2
e2660742a80433e027ee9bdedc40e190	58	FILE:os:windows|15,BEH:server|5,CLASS:backdoor|5,FILE:packed|4,UNK:lanaftp|4,UNK:silverftp|3,FAM:mytob|3,BEH:execdownload|3,CLASS:downloader|3,CLASS:worm|2,FAM:sysn|2,BEH:selfpropagate|2,FAM:ldpinch|2
e2d249f86890d290bb8af599ea0367f3	50	FILE:os:windows|15,UNK:skynetref|8,BEH:proxy|4,UNK:frentyks|3,CLASS:grayware|2
e312385f64e6b8fd667b4f9b5ea1ff70	60	FILE:os:windows|17,FAM:ranky|17,BEH:proxy|11,BEH:server|2,FILE:packed|2,CLASS:grayware|2,CLASS:backdoor|2
e369bbd8acbe8322834e3adbad30ff5c	52	UNK:zxman|15,FILE:os:windows|12,BEH:server|12,CLASS:backdoor|12,BEH:execdownload|2,CLASS:downloader|2,FILE:proglang:delphi|2
e3bb503f9b02cf57341695f30e31128f	45	FILE:os:windows|13,UNK:honeypot|12,BEH:server|11,CLASS:backdoor|11,FILE:packed|2,FILE:proglang:delphi|2
e3cf225a94c6be5a26fc21a1ec83f418	53	FILE:os:windows|17,UNK:webcenter|17,CLASS:spyware|5,BEH:execdownload|4,CLASS:downloader|4,CLASS:grayware|3,UNK:passrec|2,UNK:nsoft|2
e4737fb6c231bfb84d1a55ec2fb61641	66	FILE:os:windows|22,BEH:keylogging|11,CLASS:keylogger|11,CLASS:spyware|4,BEH:execdownload|4,CLASS:downloader|4,CLASS:worm|3,BEH:selfpropagate|3,UNK:offend|3,FAM:mogap|2,CLASS:grayware|2,BEH:autorun|2
e499a4c359a8cc46e641f39c0ed548f9	36	BEH:server|15,CLASS:backdoor|15,UNK:mellpon|14,FILE:os:windows|12
e60606d19a36789662ba97b4bb5c4ccf	43	CLASS:grayware|19,CLASS:grayware:tool|14,FILE:os:windows|13,FILE:proglang:delphi|2,UNK:bumat|2
e61a6755db1c59eb1d219b761de925f4	56	FILE:os:windows|16,FILE:packed|7,FILE:proglang:visualbasic|6,FAM:spyeye|6,CLASS:spyware|3,BEH:inject|2,BEH:execdownload|2,CLASS:downloader|2
e677149c35cbba118655d9b133da8827	60	UNK:netspy|21,FILE:os:windows|20,BEH:server|19,CLASS:backdoor|19,CLASS:grayware|2
e85a1028a52fcc723353a236ada54fee	48	BEH:server|15,CLASS:backdoor|15,FILE:os:windows|14,UNK:wunport|3
e865fc7225c84165d7aa0c7d8a1bcb77	57	FAM:acropolis|17,FILE:os:windows|16,BEH:server|15,CLASS:backdoor|15,CLASS:grayware|2,UNK:gjsirtfmkbg|2,UNK:1dc36a6f|2
ea6dfec6c3900ab422875119972d9c62	57	CLASS:worm|16,FILE:os:windows|16,BEH:selfpropagate|15,UNK:bropia|13,UNK:kelvir|5,FILE:packed|3,FILE:packed:morphine|2
ea6ed38ab5264cd92f0d42eb020e87d8	57	FILE:os:windows|17,FAM:spyeye|9,CLASS:spyware|3,BEH:inject|3,FILE:packed|2,CLASS:grayware|2
ea9ab5983a6fa71e31907e74d4ddbab6	54	FILE:os:windows|16,BEH:server|12,CLASS:backdoor|12,UNK:silver|6,UNK:lana|4,FILE:packed|3,UNK:ulpm|2,FAM:ldpinch|2
eacaa12336f50f1c395663fba92a4d32	54	FILE:os:windows|16,BEH:server|13,UNK:bingle|13,CLASS:backdoor|13,CLASS:worm|2,BEH:selfpropagate|2
eb272fe923ccf3e66fde1bf309cbc464	60	FILE:os:windows|17,BEH:execdownload|10,CLASS:downloader|10,BEH:server|5,CLASS:backdoor|5,FAM:zoxpng|4,FAM:winnti|4,UNK:doina|2
eb6fd418cd3b52132ffb029b52839edf	53	FILE:os:windows|13,BEH:server|13,CLASS:backdoor|13,UNK:whgrx|12,BEH:execdownload|2,CLASS:downloader|2
eba3dd81723ddf33621fd85ded577920	56	BEH:server|19,CLASS:backdoor|19,FILE:os:windows|16,UNK:birdspy|14,FILE:packed|2
eba4ce50a036a196484715f60c8a449b	53	UNK:wisell|17,BEH:server|15,CLASS:backdoor|15,FILE:os:windows|14,UNK:winshell|2,CLASS:grayware|2
ecaf6a123fdf1f5660692dfc4c67a933	53	UNK:noknok|21,BEH:server|20,CLASS:backdoor|20,FILE:os:windows|15,CLASS:grayware|2
ed1e47f62fa93f2fd2f4fbcfdd0f1c10	58	FILE:os:windows|14,CLASS:worm|6,BEH:selfpropagate|6,CLASS:grayware|5,FILE:proglang:visualbasic|4,FAM:zapchast|3,FAM:ngrbot|3,BEH:inject|3,BEH:execdownload|3,CLASS:downloader|3,FILE:proglang:visualbasic:vbscript|2,CLASS:grayware:tool|2,BEH:proxy|2,FAM:dorkbot|2
ed4242ad0274d3b311d8722f10b3abea	52	BEH:server|16,CLASS:backdoor|16,FILE:os:windows|12,UNK:bumat|2
ee22eea131c0e00162e4ba370f396a00	63	FAM:sality|30,FILE:os:windows|26,CLASS:virus|13,BEH:filemodify|13
ee314e1b913a09ec86c63d7186d8f0b8	57	FAM:ketch|19,FILE:os:windows|17,BEH:server|16,CLASS:backdoor|16
ee699b4055c6199f9826681797d64f0b	60	FILE:os:windows|19,BEH:execdownload|11,CLASS:downloader|11,UNK:krepper|6,FILE:small|3,CLASS:worm|2,UNK:tofger|2,BEH:selfpropagate|2,CLASS:grayware|2,FAM:dumador|2
ee8990b5d076a7ed601a30eb677cc9be	64	FILE:os:windows|23,UNK:plexus|20,CLASS:worm|19,BEH:selfpropagate|19,BEH:spam|2,FILE:packed|2,CLASS:grayware|2
eedd1cfc7acd012bbec464aebc679ee4	56	CLASS:ransomware|17,BEH:filecrypt|17,FILE:os:windows|15,FAM:conti|12,FILE:packed|3,UNK:diavolo|2
ef1e59148c9a902ae5454760aaab73fe	53	FILE:os:windows|13,BEH:infosteal|10,FILE:packed|5,CLASS:spyware|3,BEH:files|2
f15d05f74899324ecb61ee29ad162fad	49	BEH:infosteal|16,FILE:os:windows|14,FILE:packed|3,CLASS:grayware|2,BEH:execdownload|2,CLASS:downloader|2,FILE:proglang:delphi|2
f240c16af2189ea9c94f317281ce7e59	58	BEH:server|19,CLASS:backdoor|19,UNK:zaratustra|18,FILE:os:windows|16
f28e866ce2f99013a66b015f6a7f31a8	59	FILE:os:windows|18,UNK:juntador|16,BEH:execdownload|15,CLASS:downloader|15,UNK:multidropper|2,FILE:proglang:delphi|2,UNK:5a405f6b|2
f2b5429feaa7d229418cf499ce5f5822	59	FILE:os:windows|21,BEH:server|13,FAM:hupigon|13,CLASS:backdoor|13,FAM:bifrose|3,FILE:packed|2
f2fd6a7b400782bb43499e722fb62cf4	6	FILE:os:windows|2,CLASS:grayware|2
f312e3a436995b86b205a1a37b1bf10f	54	FILE:os:windows|19,BEH:server|17,CLASS:backdoor|16,UNK:serman|14,CLASS:grayware|3,FAM:wacatac|2,BEH:proxy|2,FAM:picsys|2
f375f6569e146e432e23589b8f112165	60	UNK:wollf|22,FILE:os:windows|18,BEH:server|17,CLASS:backdoor|17,UNK:sfbbg|2,BEH:execdownload|2,CLASS:downloader|2,UNK:213c|2
f393943eb6a80c8321f31c4543ba0bcf	52	FILE:os:windows|14,BEH:server|10,CLASS:backdoor|10,FAM:pahador|8,CLASS:grayware|2,UNK:ggdoor|2,UNK:atraps|2
f4d7d721f68bc9a80aaf53bc184a3c58	64	FILE:os:windows|21,BEH:filemodify|6,FAM:phorpiex|5,BEH:execdownload|4,CLASS:downloader|4,CLASS:worm|3,BEH:selfpropagate|3,CLASS:virus|2
f529d60abbdafccce3dc5e5ffd6cdfa6	65	FILE:os:windows|23,FAM:dusvext|18,BEH:server|11,CLASS:backdoor|11
f589ae5fb7879eb0b98fb8096d7152a5	59	FILE:os:windows|16,BEH:server|5,CLASS:backdoor|5,FILE:packed|3,UNK:danmec|3,FAM:asprox|3,CLASS:worm|2,BEH:selfpropagate|2
f60a8d71a822e0e485f22ada8f26c31e	58	UNK:psychward|21,FILE:os:windows|20,BEH:server|18,CLASS:backdoor|18,FILE:packed|2
f72138e574743640bdcdb9f102dff0a5	55	FILE:os:windows|20,UNK:corty|17,BEH:execdownload|12,CLASS:downloader|12,FAM:netbus|5,CLASS:virus|3,BEH:filemodify|3,BEH:server|2,CLASS:backdoor|2
f78cef7588f9c32609a4932d10c67f95	59	FILE:os:windows|16,UNK:bnlite|15,BEH:server|14,CLASS:backdoor|14
f917c77f60c3c1ac6dbbadbf366ddd30	53	FILE:os:windows|16,FILE:installer:pyinstaller|6,FILE:installer|6,FILE:packed|5,UNK:znyonm|2,CLASS:spyware|2,FILE:proglang:python|2,UNK:lazy|2,FAM:emotet|2
f93e64ac9c3383d0df23662a78a76c07	50	FILE:os:windows|12,BEH:server|12,CLASS:backdoor|12,UNK:subhuman|8,CLASS:grayware|2
f9dc0a462ada737f36efafac56f22b97	58	BEH:server|18,CLASS:backdoor|18,FILE:os:windows|16,UNK:visiotrol|12,CLASS:grayware|2
fa00524d7289cdba327d5c34ab3d9bd7	57	FILE:os:windows|19,BEH:server|14,CLASS:backdoor|14,CLASS:grayware|2,UNK:girlfriend|2
fb24c3509180f463c9deaf2ee6705062	60	FILE:os:windows|20,FILE:small|18,BEH:server|14,CLASS:backdoor|14,UNK:redshell|2,CLASS:grayware|2
fb3ac3c9d808de7f4b5ede68715f658f	53	FILE:os:windows|22,FAM:tufik|11,BEH:execdownload|9,CLASS:downloader|9,CLASS:virus|6,BEH:filemodify|6,BEH:proxy|2
fb4fb710f031304d788d9cd1c4201552	53	UNK:phase|22,BEH:server|14,CLASS:backdoor|14,FILE:os:windows|13,UNK:zero|3
fc100ff65f676a26293915407adc211c	58	FILE:os:windows|21,BEH:server|16,CLASS:backdoor|16,UNK:anaftp|12,UNK:lanaftp|4,UNK:lana|2,UNK:ftplana|2,UNK:acfaf|2
fc74e80ff2f49380972904d77df1c0f1	50	FILE:proglang:delphi|17,FILE:os:windows|16,BEH:server|16,CLASS:backdoor|16
fc8eaa2a5752b509dbd02989d8d9f2e2	55	BEH:server|15,CLASS:backdoor|15,FILE:os:windows|12,UNK:matiteman|7
fcd611ccbc756fab43761f4b18372b81	66	FILE:os:windows|21,FAM:pramro|15,BEH:server|9,CLASS:backdoor|9,BEH:proxy|3,BEH:spam|2,UNK:promro|2,FILE:packed|2,CLASS:grayware|2
fd14cc7f025f49a3e08b4169d44a774e	60	FILE:os:windows|22,UNK:zombam|19,BEH:server|15,CLASS:backdoor|15,FILE:packed|3,CLASS:grayware|2
fe0dacbc953d4301232b386fcb3afc23	63	FAM:zbot|23,FILE:os:windows|19,CLASS:spyware|3
fe3fb2e929f95ed03233e7a4d622a28d	58	FILE:os:windows|16,FILE:packed|8,CLASS:grayware|4,CLASS:grayware:tool|3,BEH:execdownload|3,CLASS:downloader|3,FAM:carberp|3,FAM:zeroaccess|2,FAM:zbot|2,UNK:spysweep|2,FAM:spyeye|2,FILE:packed:epack|2
ff30fbee3724d80dcb9471c0b553c99a	59	FILE:os:windows|14,BEH:execdownload|12,CLASS:downloader|12,UNK:googite|7,UNK:tofger|5,FILE:small|2
ff6516c881dee555b0cd253408b64404	57	BEH:server|21,CLASS:backdoor|21,UNK:zombam|20,FILE:os:windows|19,FILE:packed|2,CLASS:grayware|2
ffa917e74406b8b77252be2c4f71f6d3	64	FILE:os:windows|22,UNK:wollf|19,BEH:server|19,CLASS:backdoor|19,UNK:wolff|2
ffa9b76f9549a2c46415c855a0911e8a	49	FILE:os:windows|12,CLASS:spyware|4,FAM:winspy|3,BEH:execdownload|3,CLASS:downloader|3,FAM:johnnie|2
